Sample in Buffer,Sample in Window,TRIGGER,reset_1,lfsr_out[15:0]
Radix - UNSIGNED,UNSIGNED,UNSIGNED,HEX,UNSIGNED
0,0,0,0,17112
1,1,0,0,34224
2,2,0,0,2913
3,3,0,0,5826
4,4,0,0,11653
5,5,0,0,23306
6,6,0,0,46613
7,7,0,0,27690
8,8,0,0,55380
9,9,0,0,45225
10,10,0,0,24915
11,11,0,0,49831
12,12,0,0,34126
13,13,0,0,2716
14,14,0,0,5433
15,15,0,0,10866
16,16,0,0,21732
17,17,0,0,43464
18,18,0,0,21392
19,19,0,0,42784
20,20,0,0,20033
21,21,0,0,40067
22,22,0,0,14598
23,23,0,0,29197
24,24,0,0,58395
25,25,0,0,51255
26,26,0,0,36974
27,27,0,0,8413
28,28,0,0,16827
29,29,0,0,33654
30,30,0,0,1773
31,31,0,0,3547
32,32,0,0,7095
33,33,0,0,14191
34,34,0,0,28382
35,35,0,0,56764
36,36,0,0,47992
37,37,0,0,30449
38,38,0,0,60898
39,39,0,0,56260
40,40,0,0,46985
41,41,0,0,28435
42,42,0,0,56871
43,43,0,0,48207
44,44,0,0,30879
45,45,0,0,61759
46,46,0,0,57982
47,47,0,0,50429
48,48,0,0,35323
49,49,0,0,5110
50,50,0,0,10221
51,51,0,0,20443
52,52,0,0,40886
53,53,0,0,16236
54,54,0,0,32472
55,55,0,0,64945
56,56,0,0,64355
57,57,0,0,63175
58,58,0,0,60815
59,59,0,0,56095
60,60,0,0,46654
61,61,0,0,27773
62,62,0,0,55546
63,63,0,0,45556
64,64,0,0,25576
65,65,0,0,51152
66,66,0,0,36768
67,67,0,0,8001
68,68,0,0,16003
69,69,0,0,32007
70,70,0,0,64014
71,71,0,0,62492
72,72,0,0,59448
73,73,0,0,53361
74,74,0,0,41187
75,75,0,0,16839
76,76,0,0,33679
77,77,0,0,1822
78,78,0,0,3645
79,79,0,0,7291
80,80,0,0,14582
81,81,0,0,29165
82,82,0,0,58331
83,83,0,0,51127
84,84,0,0,36718
85,85,0,0,7900
86,86,0,0,15800
87,87,0,0,31600
88,88,0,0,63200
89,89,0,0,60865
90,90,0,0,56194
91,91,0,0,46853
92,92,0,0,28170
93,93,0,0,56340
94,94,0,0,47145
95,95,0,0,28755
96,96,0,0,57510
97,97,0,0,49484
98,98,0,0,33433
99,99,0,0,1330
100,100,0,0,2660
101,101,0,0,5320
102,102,0,0,10640
103,103,0,0,21280
104,104,0,0,42560
105,105,0,0,19585
106,106,0,0,39171
107,107,0,0,12806
108,108,0,0,25613
109,109,0,0,51226
110,110,0,0,36917
111,111,0,0,8298
112,112,0,0,16597
113,113,0,0,33195
114,114,0,0,854
115,115,0,0,1708
116,116,0,0,3417
117,117,0,0,6835
118,118,0,0,13671
119,119,0,0,27343
120,120,0,0,54686
121,121,0,0,43836
122,122,0,0,22136
123,123,0,0,44273
124,124,0,0,23011
125,125,0,0,46022
126,126,0,0,26508
127,127,0,0,53016
128,128,0,0,40497
129,129,0,0,15458
130,130,0,0,30917
131,131,0,0,61834
132,132,0,0,58132
133,133,0,0,50728
134,134,0,0,35921
135,135,0,0,6307
136,136,0,0,12615
137,137,0,0,25231
138,138,0,0,50462
139,139,0,0,35389
140,140,0,0,5242
141,141,0,0,10484
142,142,0,0,20968
143,143,0,0,41937
144,144,0,0,18339
145,145,0,0,36679
146,146,0,0,7823
147,147,0,0,15646
148,148,0,0,31292
149,149,0,0,62585
150,150,0,0,59634
151,151,0,0,53732
152,152,0,0,41929
153,153,0,0,18322
154,154,0,0,36645
155,155,0,0,7755
156,156,0,0,15510
157,157,0,0,31021
158,158,0,0,62043
159,159,0,0,58550
160,160,0,0,51564
161,161,0,0,37593
162,162,0,0,9651
163,163,0,0,19302
164,164,0,0,38605
165,165,0,0,11675
166,166,0,0,23351
167,167,0,0,46702
168,168,0,0,27869
169,169,0,0,55738
170,170,0,0,45940
171,171,0,0,26344
172,172,0,0,52688
173,173,0,0,39840
174,174,0,0,14144
175,175,0,0,28289
176,176,0,0,56579
177,177,0,0,47623
178,178,0,0,29710
179,179,0,0,59421
180,180,0,0,53307
181,181,0,0,41078
182,182,0,0,16621
183,183,0,0,33242
184,184,0,0,948
185,185,0,0,1896
186,186,0,0,3793
187,187,0,0,7586
188,188,0,0,15173
189,189,0,0,30347
190,190,0,0,60695
191,191,0,0,55854
192,192,0,0,46172
193,193,0,0,26809
194,194,0,0,53618
195,195,0,0,41701
196,196,0,0,17867
197,197,0,0,35734
198,198,0,0,5933
199,199,0,0,11866
200,200,0,0,23733
201,201,0,0,47466
202,202,0,0,29397
203,203,0,0,58794
204,204,0,0,52053
205,205,0,0,38570
206,206,0,0,11605
207,207,0,0,23210
208,208,0,0,46421
209,209,0,0,27306
210,210,0,0,54612
211,211,0,0,43689
212,212,0,0,21842
213,213,0,0,43684
214,214,0,0,21833
215,215,0,0,43667
216,216,0,0,21799
217,217,0,0,43598
218,218,0,0,21660
219,219,0,0,43321
220,220,0,0,21106
221,221,0,0,42212
222,222,0,0,18889
223,223,0,0,37778
224,224,0,0,10020
225,225,0,0,20040
226,226,0,0,40080
227,227,0,0,14624
228,228,0,0,29249
229,229,0,0,58498
230,230,0,0,51460
231,231,0,0,37384
232,232,0,0,9233
233,233,0,0,18466
234,234,0,0,36933
235,235,0,0,8330
236,236,0,0,16661
237,237,0,0,33323
238,238,0,0,1110
239,239,0,0,2220
240,240,0,0,4441
241,241,0,0,8882
242,242,0,0,17764
243,243,0,0,35529
244,244,0,0,5522
245,245,0,0,11045
246,246,0,0,22090
247,247,0,0,44181
248,248,0,0,22827
249,249,0,0,45655
250,250,0,0,25774
251,251,0,0,51548
252,252,0,0,37561
253,253,0,0,9587
254,254,0,0,19174
255,255,0,0,38349
256,256,0,0,11163
257,257,0,0,22327
258,258,0,0,44654
259,259,0,0,23772
260,260,0,0,47545
261,261,0,0,29555
262,262,0,0,59110
263,263,0,0,52684
264,264,0,0,39833
265,265,0,0,14131
266,266,0,0,28263
267,267,0,0,56527
268,268,0,0,47518
269,269,0,0,29501
270,270,0,0,59003
271,271,0,0,52471
272,272,0,0,39406
273,273,0,0,13277
274,274,0,0,26554
275,275,0,0,53108
276,276,0,0,40680
277,277,0,0,15825
278,278,0,0,31651
279,279,0,0,63302
280,280,0,0,61069
281,281,0,0,56603
282,282,0,0,47670
283,283,0,0,29804
284,284,0,0,59609
285,285,0,0,53683
286,286,0,0,41831
287,287,0,0,18127
288,288,0,0,36254
289,289,0,0,6972
290,290,0,0,13944
291,291,0,0,27888
292,292,0,0,55777
293,293,0,0,46019
294,294,0,0,26502
295,295,0,0,53005
296,296,0,0,40475
297,297,0,0,15415
298,298,0,0,30831
299,299,0,0,61663
300,300,0,0,57790
301,301,0,0,50045
302,302,0,0,34555
303,303,0,0,3574
304,304,0,0,7148
305,305,0,0,14296
306,306,0,0,28592
307,307,0,0,57185
308,308,0,0,48835
309,309,0,0,32134
310,310,0,0,64268
311,311,0,0,63000
312,312,0,0,60464
313,313,0,0,55392
314,314,0,0,45249
315,315,0,0,24962
316,316,0,0,49925
317,317,0,0,34314
318,318,0,0,3092
319,319,0,0,6184
320,320,0,0,12368
321,321,0,0,24737
322,322,0,0,49475
323,323,0,0,33414
324,324,0,0,1293
325,325,0,0,2587
326,326,0,0,5175
327,327,0,0,10351
328,328,0,0,20703
329,329,0,0,41407
330,330,0,0,17278
331,331,0,0,34556
332,332,0,0,3576
333,333,0,0,7153
334,334,0,0,14307
335,335,0,0,28615
336,336,0,0,57231
337,337,0,0,48926
338,338,0,0,32317
339,339,0,0,64635
340,340,0,0,63734
341,341,0,0,61933
342,342,0,0,58330
343,343,0,0,51125
344,344,0,0,36714
345,345,0,0,7892
346,346,0,0,15785
347,347,0,0,31570
348,348,0,0,63140
349,349,0,0,60745
350,350,0,0,55955
351,351,0,0,46375
352,352,0,0,27214
353,353,0,0,54428
354,354,0,0,43320
355,355,0,0,21104
356,356,0,0,42208
357,357,0,0,18881
358,358,0,0,37763
359,359,0,0,9990
360,360,0,0,19980
361,361,0,0,39960
362,362,0,0,14385
363,363,0,0,28771
364,364,0,0,57542
365,365,0,0,49548
366,366,0,0,33561
367,367,0,0,1586
368,368,0,0,3172
369,369,0,0,6344
370,370,0,0,12688
371,371,0,0,25377
372,372,0,0,50755
373,373,0,0,35974
374,374,0,0,6413
375,375,0,0,12826
376,376,0,0,25652
377,377,0,0,51305
378,378,0,0,37075
379,379,0,0,8614
380,380,0,0,17228
381,381,0,0,34456
382,382,0,0,3376
383,383,0,0,6752
384,384,0,0,13505
385,385,0,0,27011
386,386,0,0,54023
387,387,0,0,42511
388,388,0,0,19486
389,389,0,0,38972
390,390,0,0,12409
391,391,0,0,24818
392,392,0,0,49637
393,393,0,0,33738
394,394,0,0,1940
395,395,0,0,3880
396,396,0,0,7761
397,397,0,0,15523
398,398,0,0,31047
399,399,0,0,62094
400,400,0,0,58652
401,401,0,0,51769
402,402,0,0,38003
403,403,0,0,10470
404,404,0,0,20940
405,405,0,0,41881
406,406,0,0,18226
407,407,0,0,36453
408,408,0,0,7371
409,409,0,0,14742
410,410,0,0,29485
411,411,0,0,58971
412,412,0,0,52407
413,413,0,0,39278
414,414,0,0,13021
415,415,0,0,26042
416,416,0,0,52084
417,417,0,0,38632
418,418,0,0,11729
419,419,0,0,23458
420,420,0,0,46916
421,421,0,0,28296
422,422,0,0,56592
423,423,0,0,47649
424,424,0,0,29762
425,425,0,0,59524
426,426,0,0,53512
427,427,0,0,41488
428,428,0,0,17441
429,429,0,0,34883
430,430,0,0,4231
431,431,0,0,8463
432,432,0,0,16927
433,433,0,0,33854
434,434,0,0,2172
435,435,0,0,4345
436,436,0,0,8690
437,437,0,0,17380
438,438,0,0,34761
439,439,0,0,3986
440,440,0,0,7972
441,441,0,0,15945
442,442,0,0,31890
443,443,0,0,63780
444,444,0,0,62025
445,445,0,0,58514
446,446,0,0,51492
447,447,0,0,37448
448,448,0,0,9361
449,449,0,0,18722
450,450,0,0,37445
451,451,0,0,9354
452,452,0,0,18709
453,453,0,0,37419
454,454,0,0,9303
455,455,0,0,18606
456,456,0,0,37212
457,457,0,0,8889
458,458,0,0,17779
459,459,0,0,35559
460,460,0,0,5583
461,461,0,0,11166
462,462,0,0,22333
463,463,0,0,44667
464,464,0,0,23798
465,465,0,0,47596
466,466,0,0,29657
467,467,0,0,59315
468,468,0,0,53094
469,469,0,0,40652
470,470,0,0,15769
471,471,0,0,31538
472,472,0,0,63076
473,473,0,0,60617
474,474,0,0,55699
475,475,0,0,45863
476,476,0,0,26190
477,477,0,0,52380
478,478,0,0,39225
479,479,0,0,12915
480,480,0,0,25831
481,481,0,0,51663
482,482,0,0,37791
483,483,0,0,10047
484,484,0,0,20095
485,485,0,0,40190
486,486,0,0,14845
487,487,0,0,29690
488,488,0,0,59381
489,489,0,0,53226
490,490,0,0,40917
491,491,0,0,16298
492,492,0,0,32596
493,493,0,0,65192
494,494,0,0,64848
495,495,0,0,64161
496,496,0,0,62787
497,497,0,0,60039
498,498,0,0,54542
499,499,0,0,43548
500,500,0,0,21560
501,501,0,0,43121
502,502,0,0,20707
503,503,0,0,41414
504,504,0,0,17293
505,505,0,0,34586
506,506,0,0,3636
507,507,0,0,7272
508,508,0,0,14544
509,509,0,0,29089
510,510,0,0,58178
511,511,0,0,50820
512,512,0,0,36104
513,513,0,0,6672
514,514,0,0,13345
515,515,0,0,26691
516,516,0,0,53383
517,517,0,0,41231
518,518,0,0,16926
519,519,0,0,33852
520,520,0,0,2168
521,521,0,0,4337
522,522,0,0,8675
523,523,0,0,17350
524,524,0,0,34701
525,525,0,0,3866
526,526,0,0,7733
527,527,0,0,15467
528,528,0,0,30934
529,529,0,0,61868
530,530,0,0,58200
531,531,0,0,50865
532,532,0,0,36194
533,533,0,0,6853
534,534,0,0,13707
535,535,0,0,27414
536,536,0,0,54829
537,537,0,0,44122
538,538,0,0,22708
539,539,0,0,45416
540,540,0,0,25297
541,541,0,0,50595
542,542,0,0,35654
543,543,0,0,5773
544,544,0,0,11546
545,545,0,0,23093
546,546,0,0,46186
547,547,0,0,26837
548,548,0,0,53675
549,549,0,0,41814
550,550,0,0,18093
551,551,0,0,36186
552,552,0,0,6836
553,553,0,0,13673
554,554,0,0,27346
555,555,0,0,54693
556,556,0,0,43851
557,557,0,0,22166
558,558,0,0,44332
559,559,0,0,23128
560,560,0,0,46257
561,561,0,0,26978
562,562,0,0,53957
563,563,0,0,42379
564,564,0,0,19222
565,565,0,0,38445
566,566,0,0,11355
567,567,0,0,22711
568,568,0,0,45422
569,569,0,0,25309
570,570,0,0,50618
571,571,0,0,35701
572,572,0,0,5867
573,573,0,0,11734
574,574,0,0,23468
575,575,0,0,46937
576,576,0,0,28339
577,577,0,0,56679
578,578,0,0,47823
579,579,0,0,30111
580,580,0,0,60223
581,581,0,0,54911
582,582,0,0,44286
583,583,0,0,23036
584,584,0,0,46073
585,585,0,0,26611
586,586,0,0,53223
587,587,0,0,40910
588,588,0,0,16285
589,589,0,0,32570
590,590,0,0,65141
591,591,0,0,64747
592,592,0,0,63958
593,593,0,0,62381
594,594,0,0,59226
595,595,0,0,52917
596,596,0,0,40298
597,597,0,0,15061
598,598,0,0,30123
599,599,0,0,60247
600,600,0,0,54958
601,601,0,0,44380
602,602,0,0,23224
603,603,0,0,46449
604,604,0,0,27362
605,605,0,0,54725
606,606,0,0,43915
607,607,0,0,22294
608,608,0,0,44588
609,609,0,0,23640
610,610,0,0,47281
611,611,0,0,29026
612,612,0,0,58052
613,613,0,0,50568
614,614,0,0,35601
615,615,0,0,5667
616,616,0,0,11335
617,617,0,0,22670
618,618,0,0,45341
619,619,0,0,25147
620,620,0,0,50294
621,621,0,0,35052
622,622,0,0,4568
623,623,0,0,9136
624,624,0,0,18272
625,625,0,0,36545
626,626,0,0,7555
627,627,0,0,15111
628,628,0,0,30223
629,629,0,0,60447
630,630,0,0,55359
631,631,0,0,45182
632,632,0,0,24829
633,633,0,0,49658
634,634,0,0,33781
635,635,0,0,2027
636,636,0,0,4055
637,637,0,0,8110
638,638,0,0,16220
639,639,0,0,32440
640,640,0,0,64881
641,641,0,0,64227
642,642,0,0,62919
643,643,0,0,60303
644,644,0,0,55071
645,645,0,0,44606
646,646,0,0,23676
647,647,0,0,47353
648,648,0,0,29171
649,649,0,0,58342
650,650,0,0,51148
651,651,0,0,36761
652,652,0,0,7986
653,653,0,0,15973
654,654,0,0,31947
655,655,0,0,63895
656,656,0,0,62255
657,657,0,0,58974
658,658,0,0,52413
659,659,0,0,39291
660,660,0,0,13047
661,661,0,0,26095
662,662,0,0,52190
663,663,0,0,38845
664,664,0,0,12155
665,665,0,0,24311
666,666,0,0,48622
667,667,0,0,31709
668,668,0,0,63419
669,669,0,0,61302
670,670,0,0,57068
671,671,0,0,48600
672,672,0,0,31665
673,673,0,0,63330
674,674,0,0,61125
675,675,0,0,56714
676,676,0,0,47892
677,677,0,0,30248
678,678,0,0,60497
679,679,0,0,55458
680,680,0,0,45381
681,681,0,0,25226
682,682,0,0,50452
683,683,0,0,35368
684,684,0,0,5200
685,685,0,0,10401
686,686,0,0,20802
687,687,0,0,41604
688,688,0,0,17673
689,689,0,0,35346
690,690,0,0,5157
691,691,0,0,10315
692,692,0,0,20631
693,693,0,0,41262
694,694,0,0,16988
695,695,0,0,33976
696,696,0,0,2416
697,697,0,0,4832
698,698,0,0,9665
699,699,0,0,19330
700,700,0,0,38661
701,701,0,0,11786
702,702,0,0,23573
703,703,0,0,47146
704,704,0,0,28757
705,705,0,0,57514
706,706,0,0,49493
707,707,0,0,33450
708,708,0,0,1364
709,709,0,0,2728
710,710,0,0,5457
711,711,0,0,10915
712,712,0,0,21830
713,713,0,0,43660
714,714,0,0,21784
715,715,0,0,43569
716,716,0,0,21603
717,717,0,0,43206
718,718,0,0,20877
719,719,0,0,41755
720,720,0,0,17974
721,721,0,0,35949
722,722,0,0,6362
723,723,0,0,12724
724,724,0,0,25449
725,725,0,0,50898
726,726,0,0,36260
727,727,0,0,6985
728,728,0,0,13970
729,729,0,0,27941
730,730,0,0,55883
731,731,0,0,46230
732,732,0,0,26924
733,733,0,0,53848
734,734,0,0,42160
735,735,0,0,18785
736,736,0,0,37571
737,737,0,0,9606
738,738,0,0,19212
739,739,0,0,38424
740,740,0,0,11313
741,741,0,0,22626
742,742,0,0,45252
743,743,0,0,24968
744,744,0,0,49936
745,745,0,0,34336
746,746,0,0,3137
747,747,0,0,6274
748,748,0,0,12549
749,749,0,0,25099
750,750,0,0,50198
751,751,0,0,34860
752,752,0,0,4184
753,753,0,0,8368
754,754,0,0,16736
755,755,0,0,33473
756,756,0,0,1411
757,757,0,0,2822
758,758,0,0,5644
759,759,0,0,11288
760,760,0,0,22577
761,761,0,0,45154
762,762,0,0,24772
763,763,0,0,49545
764,764,0,0,33555
765,765,0,0,1575
766,766,0,0,3150
767,767,0,0,6301
768,768,0,0,12602
769,769,0,0,25204
770,770,0,0,50409
771,771,0,0,35283
772,772,0,0,5031
773,773,0,0,10063
774,774,0,0,20127
775,775,0,0,40254
776,776,0,0,14973
777,777,0,0,29946
778,778,0,0,59893
779,779,0,0,54250
780,780,0,0,42964
781,781,0,0,20393
782,782,0,0,40786
783,783,0,0,16036
784,784,0,0,32073
785,785,0,0,64147
786,786,0,0,62759
787,787,0,0,59983
788,788,0,0,54431
789,789,0,0,43326
790,790,0,0,21116
791,791,0,0,42233
792,792,0,0,18930
793,793,0,0,37861
794,794,0,0,10186
795,795,0,0,20373
796,796,0,0,40747
797,797,0,0,15959
798,798,0,0,31919
799,799,0,0,63839
800,800,0,0,62142
801,801,0,0,58748
802,802,0,0,51961
803,803,0,0,38387
804,804,0,0,11238
805,805,0,0,22476
806,806,0,0,44953
807,807,0,0,24370
808,808,0,0,48740
809,809,0,0,31944
810,810,0,0,63889
811,811,0,0,62243
812,812,0,0,58951
813,813,0,0,52366
814,814,0,0,39197
815,815,0,0,12859
816,816,0,0,25718
817,817,0,0,51437
818,818,0,0,37339
819,819,0,0,9143
820,820,0,0,18286
821,821,0,0,36572
822,822,0,0,7608
823,823,0,0,15216
824,824,0,0,30433
825,825,0,0,60866
826,826,0,0,56196
827,827,0,0,46857
828,828,0,0,28179
829,829,0,0,56359
830,830,0,0,47183
831,831,0,0,28831
832,832,0,0,57663
833,833,0,0,49791
834,834,0,0,34047
835,835,0,0,2558
836,836,0,0,5117
837,837,0,0,10234
838,838,0,0,20469
839,839,0,0,40939
840,840,0,0,16343
841,841,0,0,32687
842,842,0,0,65375
843,843,0,0,65214
844,844,0,0,64892
845,845,0,0,64248
846,846,0,0,62960
847,847,0,0,60385
848,848,0,0,55234
849,849,0,0,44933
850,850,0,0,24331
851,851,0,0,48663
852,852,0,0,31790
853,853,0,0,63581
854,854,0,0,61626
855,855,0,0,57716
856,856,0,0,49896
857,857,0,0,34257
858,858,0,0,2979
859,859,0,0,5958
860,860,0,0,11917
861,861,0,0,23835
862,862,0,0,47671
863,863,0,0,29806
864,864,0,0,59613
865,865,0,0,53691
866,866,0,0,41846
867,867,0,0,18157
868,868,0,0,36314
869,869,0,0,7092
870,870,0,0,14185
871,871,0,0,28370
872,872,0,0,56741
873,873,0,0,47947
874,874,0,0,30359
875,875,0,0,60718
876,876,0,0,55901
877,877,0,0,46266
878,878,0,0,26997
879,879,0,0,53995
880,880,0,0,42454
881,881,0,0,19373
882,882,0,0,38746
883,883,0,0,11957
884,884,0,0,23914
885,885,0,0,47829
886,886,0,0,30122
887,887,0,0,60245
888,888,0,0,54954
889,889,0,0,44372
890,890,0,0,23209
891,891,0,0,46419
892,892,0,0,27302
893,893,0,0,54605
894,894,0,0,43674
895,895,0,0,21812
896,896,0,0,43624
897,897,0,0,21712
898,898,0,0,43424
899,899,0,0,21313
900,900,0,0,42626
901,901,0,0,19717
902,902,0,0,39435
903,903,0,0,13335
904,904,0,0,26671
905,905,0,0,53342
906,906,0,0,41148
907,907,0,0,16760
908,908,0,0,33520
909,909,0,0,1505
910,910,0,0,3010
911,911,0,0,6020
912,912,0,0,12041
913,913,0,0,24083
914,914,0,0,48166
915,915,0,0,30796
916,916,0,0,61593
917,917,0,0,57650
918,918,0,0,49764
919,919,0,0,33992
920,920,0,0,2448
921,921,0,0,4896
922,922,0,0,9793
923,923,0,0,19586
924,924,0,0,39173
925,925,0,0,12810
926,926,0,0,25620
927,927,0,0,51241
928,928,0,0,36947
929,929,0,0,8358
930,930,0,0,16716
931,931,0,0,33432
932,932,0,0,1328
933,933,0,0,2656
934,934,0,0,5312
935,935,0,0,10625
936,936,0,0,21250
937,937,0,0,42500
938,938,0,0,19465
939,939,0,0,38930
940,940,0,0,12324
941,941,0,0,24649
942,942,0,0,49298
943,943,0,0,33060
944,944,0,0,585
945,945,0,0,1171
946,946,0,0,2342
947,947,0,0,4684
948,948,0,0,9368
949,949,0,0,18737
950,950,0,0,37475
951,951,0,0,9414
952,952,0,0,18828
953,953,0,0,37656
954,954,0,0,9777
955,955,0,0,19554
956,956,0,0,39109
957,957,0,0,12682
958,958,0,0,25364
959,959,0,0,50729
960,960,0,0,35923
961,961,0,0,6311
962,962,0,0,12623
963,963,0,0,25246
964,964,0,0,50492
965,965,0,0,35449
966,966,0,0,5362
967,967,0,0,10725
968,968,0,0,21450
969,969,0,0,42901
970,970,0,0,20267
971,971,0,0,40534
972,972,0,0,15532
973,973,0,0,31064
974,974,0,0,62129
975,975,0,0,58723
976,976,0,0,51910
977,977,0,0,38284
978,978,0,0,11033
979,979,0,0,22067
980,980,0,0,44134
981,981,0,0,22733
982,982,0,0,45467
983,983,0,0,25399
984,984,0,0,50799
985,985,0,0,36063
986,986,0,0,6590
987,987,0,0,13180
988,988,0,0,26360
989,989,0,0,52720
990,990,0,0,39904
991,991,0,0,14272
992,992,0,0,28545
993,993,0,0,57091
994,994,0,0,48647
995,995,0,0,31758
996,996,0,0,63517
997,997,0,0,61498
998,998,0,0,57460
999,999,0,0,49384
1000,1000,0,0,33233
1001,1001,0,0,931
1002,1002,0,0,1862
1003,1003,0,0,3724
1004,1004,0,0,7449
1005,1005,0,0,14898
1006,1006,0,0,29797
1007,1007,0,0,59594
1008,1008,0,0,53653
1009,1009,0,0,41771
1010,1010,0,0,18006
1011,1011,0,0,36013
1012,1012,0,0,6490
1013,1013,0,0,12980
1014,1014,0,0,25961
1015,1015,0,0,51922
1016,1016,0,0,38308
1017,1017,0,0,11080
1018,1018,0,0,22161
1019,1019,0,0,44322
1020,1020,0,0,23109
1021,1021,0,0,46218
1022,1022,0,0,26901
1023,1023,0,0,53803
1024,1024,0,0,42070
1025,1025,0,0,18605
1026,1026,0,0,37210
1027,1027,0,0,8885
1028,1028,0,0,17770
1029,1029,0,0,35540
1030,1030,0,0,5545
1031,1031,0,0,11090
1032,1032,0,0,22180
1033,1033,0,0,44360
1034,1034,0,0,23184
1035,1035,0,0,46368
1036,1036,0,0,27200
1037,1037,0,0,54401
1038,1038,0,0,43267
1039,1039,0,0,20999
1040,1040,0,0,41998
1041,1041,0,0,18460
1042,1042,0,0,36920
1043,1043,0,0,8305
1044,1044,0,0,16610
1045,1045,0,0,33221
1046,1046,0,0,907
1047,1047,0,0,1815
1048,1048,0,0,3630
1049,1049,0,0,7261
1050,1050,0,0,14522
1051,1051,0,0,29044
1052,1052,0,0,58088
1053,1053,0,0,50641
1054,1054,0,0,35746
1055,1055,0,0,5957
1056,1056,0,0,11915
1057,1057,0,0,23831
1058,1058,0,0,47662
1059,1059,0,0,29789
1060,1060,0,0,59579
1061,1061,0,0,53623
1062,1062,0,0,41711
1063,1063,0,0,17886
1064,1064,0,0,35772
1065,1065,0,0,6008
1066,1066,0,0,12016
1067,1067,0,0,24032
1068,1068,0,0,48064
1069,1069,0,0,30592
1070,1070,0,0,61184
1071,1071,0,0,56832
1072,1072,0,0,48129
1073,1073,0,0,30722
1074,1074,0,0,61444
1075,1075,0,0,57353
1076,1076,0,0,49171
1077,1077,0,0,32806
1078,1078,0,0,77
1079,1079,0,0,155
1080,1080,0,0,311
1081,1081,0,0,622
1082,1082,0,0,1245
1083,1083,0,0,2491
1084,1084,0,0,4983
1085,1085,0,0,9967
1086,1086,0,0,19935
1087,1087,0,0,39870
1088,1088,0,0,14205
1089,1089,0,0,28410
1090,1090,0,0,56820
1091,1091,0,0,48105
1092,1092,0,0,30675
1093,1093,0,0,61350
1094,1094,0,0,57164
1095,1095,0,0,48792
1096,1096,0,0,32049
1097,1097,0,0,64098
1098,1098,0,0,62661
1099,1099,0,0,59787
1100,1100,0,0,54039
1101,1101,0,0,42543
1102,1102,0,0,19550
1103,1103,0,0,39100
1104,1104,0,0,12665
1105,1105,0,0,25330
1106,1106,0,0,50661
1107,1107,0,0,35786
1108,1108,0,0,6036
1109,1109,0,0,12073
1110,1110,0,0,24147
1111,1111,0,0,48294
1112,1112,0,0,31052
1113,1113,0,0,62105
1114,1114,0,0,58674
1115,1115,0,0,51812
1116,1116,0,0,38088
1117,1117,0,0,10641
1118,1118,0,0,21282
1119,1119,0,0,42564
1120,1120,0,0,19593
1121,1121,0,0,39186
1122,1122,0,0,12836
1123,1123,0,0,25673
1124,1124,0,0,51346
1125,1125,0,0,37156
1126,1126,0,0,8776
1127,1127,0,0,17553
1128,1128,0,0,35107
1129,1129,0,0,4679
1130,1130,0,0,9359
1131,1131,0,0,18719
1132,1132,0,0,37438
1133,1133,0,0,9341
1134,1134,0,0,18683
1135,1135,0,0,37366
1136,1136,0,0,9196
1137,1137,0,0,18393
1138,1138,0,0,36786
1139,1139,0,0,8037
1140,1140,0,0,16075
1141,1141,0,0,32150
1142,1142,0,0,64300
1143,1143,0,0,63064
1144,1144,0,0,60592
1145,1145,0,0,55648
1146,1146,0,0,45761
1147,1147,0,0,25986
1148,1148,0,0,51973
1149,1149,0,0,38410
1150,1150,0,0,11285
1151,1151,0,0,22570
1152,1152,0,0,45141
1153,1153,0,0,24746
1154,1154,0,0,49492
1155,1155,0,0,33448
1156,1156,0,0,1360
1157,1157,0,0,2720
1158,1158,0,0,5440
1159,1159,0,0,10881
1160,1160,0,0,21762
1161,1161,0,0,43524
1162,1162,0,0,21513
1163,1163,0,0,43027
1164,1164,0,0,20519
1165,1165,0,0,41038
1166,1166,0,0,16540
1167,1167,0,0,33080
1168,1168,0,0,624
1169,1169,0,0,1248
1170,1170,0,0,2496
1171,1171,0,0,4992
1172,1172,0,0,9985
1173,1173,0,0,19970
1174,1174,0,0,39941
1175,1175,0,0,14346
1176,1176,0,0,28692
1177,1177,0,0,57384
1178,1178,0,0,49233
1179,1179,0,0,32930
1180,1180,0,0,325
1181,1181,0,0,650
1182,1182,0,0,1301
1183,1183,0,0,2602
1184,1184,0,0,5205
1185,1185,0,0,10411
1186,1186,0,0,20823
1187,1187,0,0,41646
1188,1188,0,0,17756
1189,1189,0,0,35512
1190,1190,0,0,5488
1191,1191,0,0,10977
1192,1192,0,0,21954
1193,1193,0,0,43908
1194,1194,0,0,22281
1195,1195,0,0,44563
1196,1196,0,0,23591
1197,1197,0,0,47182
1198,1198,0,0,28829
1199,1199,0,0,57659
1200,1200,0,0,49783
1201,1201,0,0,34030
1202,1202,0,0,2524
1203,1203,0,0,5049
1204,1204,0,0,10098
1205,1205,0,0,20196
1206,1206,0,0,40393
1207,1207,0,0,15251
1208,1208,0,0,30503
1209,1209,0,0,61006
1210,1210,0,0,56477
1211,1211,0,0,47418
1212,1212,0,0,29301
1213,1213,0,0,58602
1214,1214,0,0,51669
1215,1215,0,0,37802
1216,1216,0,0,10069
1217,1217,0,0,20138
1218,1218,0,0,40276
1219,1219,0,0,15016
1220,1220,0,0,30032
1221,1221,0,0,60064
1222,1222,0,0,54592
1223,1223,0,0,43649
1224,1224,0,0,21763
1225,1225,0,0,43526
1226,1226,0,0,21517
1227,1227,0,0,43035
1228,1228,0,0,20534
1229,1229,0,0,41068
1230,1230,0,0,16600
1231,1231,0,0,33200
1232,1232,0,0,865
1233,1233,0,0,1730
1234,1234,0,0,3460
1235,1235,0,0,6920
1236,1236,0,0,13840
1237,1237,0,0,27681
1238,1238,0,0,55363
1239,1239,0,0,45191
1240,1240,0,0,24846
1241,1241,0,0,49692
1242,1242,0,0,33849
1243,1243,0,0,2162
1244,1244,0,0,4324
1245,1245,0,0,8649
1246,1246,0,0,17299
1247,1247,0,0,34599
1248,1248,0,0,3663
1249,1249,0,0,7327
1250,1250,0,0,14654
1251,1251,0,0,29308
1252,1252,0,0,58617
1253,1253,0,0,51699
1254,1254,0,0,37862
1255,1255,0,0,10188
1256,1256,0,0,20377
1257,1257,0,0,40754
1258,1258,0,0,15972
1259,1259,0,0,31945
1260,1260,0,0,63891
1261,1261,0,0,62247
1262,1262,0,0,58959
1263,1263,0,0,52383
1264,1264,0,0,39231
1265,1265,0,0,12927
1266,1266,0,0,25854
1267,1267,0,0,51708
1268,1268,0,0,37881
1269,1269,0,0,10227
1270,1270,0,0,20454
1271,1271,0,0,40909
1272,1272,0,0,16283
1273,1273,0,0,32566
1274,1274,0,0,65132
1275,1275,0,0,64728
1276,1276,0,0,63920
1277,1277,0,0,62305
1278,1278,0,0,59075
1279,1279,0,0,52614
1280,1280,0,0,39692
1281,1281,0,0,13849
1282,1282,0,0,27698
1283,1283,0,0,55397
1284,1284,0,0,45259
1285,1285,0,0,24983
1286,1286,0,0,49967
1287,1287,0,0,34399
1288,1288,0,0,3262
1289,1289,0,0,6525
1290,1290,0,0,13050
1291,1291,0,0,26100
1292,1292,0,0,52201
1293,1293,0,0,38867
1294,1294,0,0,12198
1295,1295,0,0,24396
1296,1296,0,0,48793
1297,1297,0,0,32051
1298,1298,0,0,64102
1299,1299,0,0,62669
1300,1300,0,0,59802
1301,1301,0,0,54069
1302,1302,0,0,42603
1303,1303,0,0,19670
1304,1304,0,0,39341
1305,1305,0,0,13147
1306,1306,0,0,26294
1307,1307,0,0,52589
1308,1308,0,0,39643
1309,1309,0,0,13751
1310,1310,0,0,27503
1311,1311,0,0,55006
1312,1312,0,0,44476
1313,1313,0,0,23416
1314,1314,0,0,46833
1315,1315,0,0,28130
1316,1316,0,0,56261
1317,1317,0,0,46987
1318,1318,0,0,28439
1319,1319,0,0,56879
1320,1320,0,0,48222
1321,1321,0,0,30909
1322,1322,0,0,61819
1323,1323,0,0,58102
1324,1324,0,0,50668
1325,1325,0,0,35801
1326,1326,0,0,6066
1327,1327,0,0,12133
1328,1328,0,0,24266
1329,1329,0,0,48533
1330,1330,0,0,31530
1331,1331,0,0,63061
1332,1332,0,0,60587
1333,1333,0,0,55639
1334,1334,0,0,45743
1335,1335,0,0,25951
1336,1336,0,0,51902
1337,1337,0,0,38269
1338,1338,0,0,11003
1339,1339,0,0,22007
1340,1340,0,0,44014
1341,1341,0,0,22492
1342,1342,0,0,44985
1343,1343,0,0,24434
1344,1344,0,0,48868
1345,1345,0,0,32200
1346,1346,0,0,64401
1347,1347,0,0,63267
1348,1348,0,0,60999
1349,1349,0,0,56462
1350,1350,0,0,47388
1351,1351,0,0,29241
1352,1352,0,0,58483
1353,1353,0,0,51430
1354,1354,0,0,37324
1355,1355,0,0,9113
1356,1356,0,0,18227
1357,1357,0,0,36455
1358,1358,0,0,7375
1359,1359,0,0,14750
1360,1360,0,0,29500
1361,1361,0,0,59001
1362,1362,0,0,52467
1363,1363,0,0,39398
1364,1364,0,0,13260
1365,1365,0,0,26520
1366,1366,0,0,53040
1367,1367,0,0,40544
1368,1368,0,0,15552
1369,1369,0,0,31105
1370,1370,0,0,62210
1371,1371,0,0,58885
1372,1372,0,0,52234
1373,1373,0,0,38933
1374,1374,0,0,12330
1375,1375,0,0,24660
1376,1376,0,0,49321
1377,1377,0,0,33107
1378,1378,0,0,679
1379,1379,0,0,1358
1380,1380,0,0,2717
1381,1381,0,0,5435
1382,1382,0,0,10870
1383,1383,0,0,21740
1384,1384,0,0,43481
1385,1385,0,0,21426
1386,1386,0,0,42852
1387,1387,0,0,20169
1388,1388,0,0,40338
1389,1389,0,0,15140
1390,1390,0,0,30281
1391,1391,0,0,60563
1392,1392,0,0,55590
1393,1393,0,0,45645
1394,1394,0,0,25755
1395,1395,0,0,51510
1396,1396,0,0,37484
1397,1397,0,0,9433
1398,1398,0,0,18867
1399,1399,0,0,37735
1400,1400,0,0,9934
1401,1401,0,0,19869
1402,1402,0,0,39738
1403,1403,0,0,13941
1404,1404,0,0,27883
1405,1405,0,0,55766
1406,1406,0,0,45997
1407,1407,0,0,26459
1408,1408,0,0,52918
1409,1409,0,0,40300
1410,1410,0,0,15065
1411,1411,0,0,30130
1412,1412,0,0,60260
1413,1413,0,0,54984
1414,1414,0,0,44432
1415,1415,0,0,23329
1416,1416,0,0,46658
1417,1417,0,0,27780
1418,1418,0,0,55561
1419,1419,0,0,45586
1420,1420,0,0,25636
1421,1421,0,0,51273
1422,1422,0,0,37011
1423,1423,0,0,8486
1424,1424,0,0,16972
1425,1425,0,0,33944
1426,1426,0,0,2352
1427,1427,0,0,4704
1428,1428,0,0,9409
1429,1429,0,0,18818
1430,1430,0,0,37637
1431,1431,0,0,9738
1432,1432,0,0,19477
1433,1433,0,0,38955
1434,1434,0,0,12375
1435,1435,0,0,24751
1436,1436,0,0,49502
1437,1437,0,0,33469
1438,1438,0,0,1402
1439,1439,0,0,2805
1440,1440,0,0,5610
1441,1441,0,0,11220
1442,1442,0,0,22440
1443,1443,0,0,44881
1444,1444,0,0,24227
1445,1445,0,0,48454
1446,1446,0,0,31372
1447,1447,0,0,62745
1448,1448,0,0,59954
1449,1449,0,0,54372
1450,1450,0,0,43209
1451,1451,0,0,20882
1452,1452,0,0,41764
1453,1453,0,0,17993
1454,1454,0,0,35986
1455,1455,0,0,6437
1456,1456,0,0,12875
1457,1457,0,0,25750
1458,1458,0,0,51501
1459,1459,0,0,37467
1460,1460,0,0,9399
1461,1461,0,0,18798
1462,1462,0,0,37596
1463,1463,0,0,9657
1464,1464,0,0,19315
1465,1465,0,0,38631
1466,1466,0,0,11726
1467,1467,0,0,23453
1468,1468,0,0,46907
1469,1469,0,0,28279
1470,1470,0,0,56559
1471,1471,0,0,47582
1472,1472,0,0,29629
1473,1473,0,0,59259
1474,1474,0,0,52983
1475,1475,0,0,40430
1476,1476,0,0,15325
1477,1477,0,0,30650
1478,1478,0,0,61301
1479,1479,0,0,57066
1480,1480,0,0,48596
1481,1481,0,0,31656
1482,1482,0,0,63313
1483,1483,0,0,61091
1484,1484,0,0,56646
1485,1485,0,0,47757
1486,1486,0,0,29979
1487,1487,0,0,59959
1488,1488,0,0,54382
1489,1489,0,0,43228
1490,1490,0,0,20920
1491,1491,0,0,41841
1492,1492,0,0,18147
1493,1493,0,0,36295
1494,1494,0,0,7055
1495,1495,0,0,14110
1496,1496,0,0,28220
1497,1497,0,0,56440
1498,1498,0,0,47344
1499,1499,0,0,29152
1500,1500,0,0,58304
1501,1501,0,0,51072
1502,1502,0,0,36608
1503,1503,0,0,7681
1504,1504,0,0,15363
1505,1505,0,0,30727
1506,1506,0,0,61454
1507,1507,0,0,57372
1508,1508,0,0,49209
1509,1509,0,0,32883
1510,1510,0,0,231
1511,1511,0,0,462
1512,1512,0,0,925
1513,1513,0,0,1851
1514,1514,0,0,3703
1515,1515,0,0,7406
1516,1516,0,0,14812
1517,1517,0,0,29624
1518,1518,0,0,59249
1519,1519,0,0,52962
1520,1520,0,0,40388
1521,1521,0,0,15240
1522,1522,0,0,30480
1523,1523,0,0,60960
1524,1524,0,0,56384
1525,1525,0,0,47233
1526,1526,0,0,28930
1527,1527,0,0,57860
1528,1528,0,0,50184
1529,1529,0,0,34833
1530,1530,0,0,4131
1531,1531,0,0,8263
1532,1532,0,0,16526
1533,1533,0,0,33052
1534,1534,0,0,568
1535,1535,0,0,1137
1536,1536,0,0,2274
1537,1537,0,0,4548
1538,1538,0,0,9097
1539,1539,0,0,18195
1540,1540,0,0,36391
1541,1541,0,0,7247
1542,1542,0,0,14494
1543,1543,0,0,28988
1544,1544,0,0,57977
1545,1545,0,0,50419
1546,1546,0,0,35302
1547,1547,0,0,5069
1548,1548,0,0,10138
1549,1549,0,0,20277
1550,1550,0,0,40555
1551,1551,0,0,15575
1552,1552,0,0,31151
1553,1553,0,0,62303
1554,1554,0,0,59070
1555,1555,0,0,52605
1556,1556,0,0,39675
1557,1557,0,0,13815
1558,1558,0,0,27631
1559,1559,0,0,55262
1560,1560,0,0,44988
1561,1561,0,0,24440
1562,1562,0,0,48881
1563,1563,0,0,32226
1564,1564,0,0,64452
1565,1565,0,0,63369
1566,1566,0,0,61202
1567,1567,0,0,56868
1568,1568,0,0,48201
1569,1569,0,0,30867
1570,1570,0,0,61734
1571,1571,0,0,57933
1572,1572,0,0,50331
1573,1573,0,0,35127
1574,1574,0,0,4719
1575,1575,0,0,9438
1576,1576,0,0,18877
1577,1577,0,0,37754
1578,1578,0,0,9973
1579,1579,0,0,19946
1580,1580,0,0,39892
1581,1581,0,0,14248
1582,1582,0,0,28496
1583,1583,0,0,56993
1584,1584,0,0,48451
1585,1585,0,0,31366
1586,1586,0,0,62732
1587,1587,0,0,59928
1588,1588,0,0,54321
1589,1589,0,0,43107
1590,1590,0,0,20679
1591,1591,0,0,41358
1592,1592,0,0,17180
1593,1593,0,0,34360
1594,1594,0,0,3184
1595,1595,0,0,6368
1596,1596,0,0,12737
1597,1597,0,0,25475
1598,1598,0,0,50951
1599,1599,0,0,36366
1600,1600,0,0,7196
1601,1601,0,0,14392
1602,1602,0,0,28784
1603,1603,0,0,57568
1604,1604,0,0,49600
1605,1605,0,0,33664
1606,1606,0,0,1793
1607,1607,0,0,3586
1608,1608,0,0,7172
1609,1609,0,0,14345
1610,1610,0,0,28690
1611,1611,0,0,57380
1612,1612,0,0,49224
1613,1613,0,0,32913
1614,1614,0,0,291
1615,1615,0,0,582
1616,1616,0,0,1164
1617,1617,0,0,2329
1618,1618,0,0,4659
1619,1619,0,0,9319
1620,1620,0,0,18638
1621,1621,0,0,37276
1622,1622,0,0,9017
1623,1623,0,0,18035
1624,1624,0,0,36071
1625,1625,0,0,6607
1626,1626,0,0,13214
1627,1627,0,0,26428
1628,1628,0,0,52856
1629,1629,0,0,40177
1630,1630,0,0,14818
1631,1631,0,0,29637
1632,1632,0,0,59274
1633,1633,0,0,53013
1634,1634,0,0,40490
1635,1635,0,0,15445
1636,1636,0,0,30891
1637,1637,0,0,61783
1638,1638,0,0,58031
1639,1639,0,0,50527
1640,1640,0,0,35519
1641,1641,0,0,5502
1642,1642,0,0,11004
1643,1643,0,0,22009
1644,1644,0,0,44019
1645,1645,0,0,22503
1646,1646,0,0,45006
1647,1647,0,0,24476
1648,1648,0,0,48953
1649,1649,0,0,32371
1650,1650,0,0,64742
1651,1651,0,0,63949
1652,1652,0,0,62362
1653,1653,0,0,59188
1654,1654,0,0,52840
1655,1655,0,0,40145
1656,1656,0,0,14754
1657,1657,0,0,29509
1658,1658,0,0,59018
1659,1659,0,0,52501
1660,1660,0,0,39466
1661,1661,0,0,13397
1662,1662,0,0,26795
1663,1663,0,0,53590
1664,1664,0,0,41645
1665,1665,0,0,17754
1666,1666,0,0,35508
1667,1667,0,0,5481
1668,1668,0,0,10962
1669,1669,0,0,21924
1670,1670,0,0,43848
1671,1671,0,0,22160
1672,1672,0,0,44320
1673,1673,0,0,23105
1674,1674,0,0,46210
1675,1675,0,0,26884
1676,1676,0,0,53769
1677,1677,0,0,42002
1678,1678,0,0,18469
1679,1679,0,0,36939
1680,1680,0,0,8343
1681,1681,0,0,16686
1682,1682,0,0,33372
1683,1683,0,0,1208
1684,1684,0,0,2417
1685,1685,0,0,4834
1686,1686,0,0,9669
1687,1687,0,0,19338
1688,1688,0,0,38676
1689,1689,0,0,11816
1690,1690,0,0,23633
1691,1691,0,0,47266
1692,1692,0,0,28996
1693,1693,0,0,57992
1694,1694,0,0,50449
1695,1695,0,0,35362
1696,1696,0,0,5189
1697,1697,0,0,10379
1698,1698,0,0,20759
1699,1699,0,0,41518
1700,1700,0,0,17500
1701,1701,0,0,35000
1702,1702,0,0,4464
1703,1703,0,0,8929
1704,1704,0,0,17858
1705,1705,0,0,35717
1706,1706,0,0,5899
1707,1707,0,0,11798
1708,1708,0,0,23596
1709,1709,0,0,47193
1710,1710,0,0,28851
1711,1711,0,0,57702
1712,1712,0,0,49868
1713,1713,0,0,34201
1714,1714,0,0,2866
1715,1715,0,0,5732
1716,1716,0,0,11465
1717,1717,0,0,22931
1718,1718,0,0,45862
1719,1719,0,0,26188
1720,1720,0,0,52376
1721,1721,0,0,39217
1722,1722,0,0,12898
1723,1723,0,0,25797
1724,1724,0,0,51595
1725,1725,0,0,37655
1726,1726,0,0,9774
1727,1727,0,0,19549
1728,1728,0,0,39098
1729,1729,0,0,12661
1730,1730,0,0,25323
1731,1731,0,0,50646
1732,1732,0,0,35756
1733,1733,0,0,5976
1734,1734,0,0,11952
1735,1735,0,0,23904
1736,1736,0,0,47808
1737,1737,0,0,30080
1738,1738,0,0,60160
1739,1739,0,0,54784
1740,1740,0,0,44033
1741,1741,0,0,22531
1742,1742,0,0,45062
1743,1743,0,0,24588
1744,1744,0,0,49176
1745,1745,0,0,32817
1746,1746,0,0,99
1747,1747,0,0,198
1748,1748,0,0,396
1749,1749,0,0,793
1750,1750,0,0,1587
1751,1751,0,0,3174
1752,1752,0,0,6348
1753,1753,0,0,12696
1754,1754,0,0,25392
1755,1755,0,0,50785
1756,1756,0,0,36034
1757,1757,0,0,6533
1758,1758,0,0,13067
1759,1759,0,0,26134
1760,1760,0,0,52269
1761,1761,0,0,39003
1762,1762,0,0,12471
1763,1763,0,0,24943
1764,1764,0,0,49886
1765,1765,0,0,34237
1766,1766,0,0,2938
1767,1767,0,0,5877
1768,1768,0,0,11755
1769,1769,0,0,23511
1770,1770,0,0,47022
1771,1771,0,0,28509
1772,1772,0,0,57018
1773,1773,0,0,48500
1774,1774,0,0,31464
1775,1775,0,0,62929
1776,1776,0,0,60323
1777,1777,0,0,55110
1778,1778,0,0,44685
1779,1779,0,0,23834
1780,1780,0,0,47669
1781,1781,0,0,29802
1782,1782,0,0,59605
1783,1783,0,0,53674
1784,1784,0,0,41812
1785,1785,0,0,18089
1786,1786,0,0,36178
1787,1787,0,0,6821
1788,1788,0,0,13643
1789,1789,0,0,27286
1790,1790,0,0,54573
1791,1791,0,0,43610
1792,1792,0,0,21684
1793,1793,0,0,43368
1794,1794,0,0,21200
1795,1795,0,0,42400
1796,1796,0,0,19265
1797,1797,0,0,38531
1798,1798,0,0,11526
1799,1799,0,0,23052
1800,1800,0,0,46105
1801,1801,0,0,26675
1802,1802,0,0,53351
1803,1803,0,0,41167
1804,1804,0,0,16798
1805,1805,0,0,33596
1806,1806,0,0,1656
1807,1807,0,0,3313
1808,1808,0,0,6626
1809,1809,0,0,13253
1810,1810,0,0,26507
1811,1811,0,0,53014
1812,1812,0,0,40492
1813,1813,0,0,15449
1814,1814,0,0,30898
1815,1815,0,0,61796
1816,1816,0,0,58057
1817,1817,0,0,50579
1818,1818,0,0,35622
1819,1819,0,0,5709
1820,1820,0,0,11418
1821,1821,0,0,22837
1822,1822,0,0,45674
1823,1823,0,0,25813
1824,1824,0,0,51627
1825,1825,0,0,37719
1826,1826,0,0,9902
1827,1827,0,0,19805
1828,1828,0,0,39610
1829,1829,0,0,13685
1830,1830,0,0,27371
1831,1831,0,0,54742
1832,1832,0,0,43949
1833,1833,0,0,22362
1834,1834,0,0,44725
1835,1835,0,0,23915
1836,1836,0,0,47831
1837,1837,0,0,30126
1838,1838,0,0,60253
1839,1839,0,0,54971
1840,1840,0,0,44406
1841,1841,0,0,23277
1842,1842,0,0,46555
1843,1843,0,0,27575
1844,1844,0,0,55151
1845,1845,0,0,44766
1846,1846,0,0,23996
1847,1847,0,0,47993
1848,1848,0,0,30451
1849,1849,0,0,60902
1850,1850,0,0,56268
1851,1851,0,0,47000
1852,1852,0,0,28465
1853,1853,0,0,56931
1854,1854,0,0,48327
1855,1855,0,0,31118
1856,1856,0,0,62237
1857,1857,0,0,58938
1858,1858,0,0,52341
1859,1859,0,0,39146
1860,1860,0,0,12757
1861,1861,0,0,25515
1862,1862,0,0,51030
1863,1863,0,0,36524
1864,1864,0,0,7512
1865,1865,0,0,15024
1866,1866,0,0,30049
1867,1867,0,0,60098
1868,1868,0,0,54660
1869,1869,0,0,43785
1870,1870,0,0,22034
1871,1871,0,0,44068
1872,1872,0,0,22601
1873,1873,0,0,45203
1874,1874,0,0,24870
1875,1875,0,0,49741
1876,1876,0,0,33947
1877,1877,0,0,2358
1878,1878,0,0,4716
1879,1879,0,0,9432
1880,1880,0,0,18865
1881,1881,0,0,37731
1882,1882,0,0,9926
1883,1883,0,0,19852
1884,1884,0,0,39704
1885,1885,0,0,13873
1886,1886,0,0,27747
1887,1887,0,0,55495
1888,1888,0,0,45455
1889,1889,0,0,25375
1890,1890,0,0,50750
1891,1891,0,0,35965
1892,1892,0,0,6394
1893,1893,0,0,12788
1894,1894,0,0,25577
1895,1895,0,0,51154
1896,1896,0,0,36772
1897,1897,0,0,8009
1898,1898,0,0,16018
1899,1899,0,0,32037
1900,1900,0,0,64074
1901,1901,0,0,62612
1902,1902,0,0,59689
1903,1903,0,0,53843
1904,1904,0,0,42151
1905,1905,0,0,18767
1906,1906,0,0,37534
1907,1907,0,0,9533
1908,1908,0,0,19067
1909,1909,0,0,38134
1910,1910,0,0,10732
1911,1911,0,0,21465
1912,1912,0,0,42931
1913,1913,0,0,20327
1914,1914,0,0,40655
1915,1915,0,0,15775
1916,1916,0,0,31550
1917,1917,0,0,63101
1918,1918,0,0,60666
1919,1919,0,0,55797
1920,1920,0,0,46059
1921,1921,0,0,26583
1922,1922,0,0,53167
1923,1923,0,0,40799
1924,1924,0,0,16063
1925,1925,0,0,32126
1926,1926,0,0,64253
1927,1927,0,0,62970
1928,1928,0,0,60404
1929,1929,0,0,55272
1930,1930,0,0,45008
1931,1931,0,0,24481
1932,1932,0,0,48962
1933,1933,0,0,32388
1934,1934,0,0,64776
1935,1935,0,0,64016
1936,1936,0,0,62497
1937,1937,0,0,59459
1938,1938,0,0,53382
1939,1939,0,0,41229
1940,1940,0,0,16922
1941,1941,0,0,33844
1942,1942,0,0,2153
1943,1943,0,0,4307
1944,1944,0,0,8615
1945,1945,0,0,17230
1946,1946,0,0,34460
1947,1947,0,0,3384
1948,1948,0,0,6769
1949,1949,0,0,13539
1950,1950,0,0,27079
1951,1951,0,0,54159
1952,1952,0,0,42782
1953,1953,0,0,20028
1954,1954,0,0,40056
1955,1955,0,0,14577
1956,1956,0,0,29155
1957,1957,0,0,58310
1958,1958,0,0,51084
1959,1959,0,0,36633
1960,1960,0,0,7730
1961,1961,0,0,15461
1962,1962,0,0,30923
1963,1963,0,0,61847
1964,1964,0,0,58159
1965,1965,0,0,50783
1966,1966,0,0,36031
1967,1967,0,0,6526
1968,1968,0,0,13052
1969,1969,0,0,26104
1970,1970,0,0,52208
1971,1971,0,0,38880
1972,1972,0,0,12224
1973,1973,0,0,24448
1974,1974,0,0,48896
1975,1975,0,0,32256
1976,1976,0,0,64512
1977,1977,0,0,63489
1978,1978,0,0,61443
1979,1979,0,0,57351
1980,1980,0,0,49166
1981,1981,0,0,32797
1982,1982,0,0,58
1983,1983,0,0,117
1984,1984,0,0,234
1985,1985,0,0,469
1986,1986,0,0,938
1987,1987,0,0,1877
1988,1988,0,0,3754
1989,1989,0,0,7509
1990,1990,0,0,15019
1991,1991,0,0,30038
1992,1992,0,0,60076
1993,1993,0,0,54617
1994,1994,0,0,43698
1995,1995,0,0,21861
1996,1996,0,0,43722
1997,1997,0,0,21908
1998,1998,0,0,43816
1999,1999,0,0,22096
2000,2000,0,0,44192
2001,2001,0,0,22849
2002,2002,0,0,45698
2003,2003,0,0,25860
2004,2004,0,0,51721
2005,2005,0,0,37907
2006,2006,0,0,10278
2007,2007,0,0,20556
2008,2008,0,0,41113
2009,2009,0,0,16690
2010,2010,0,0,33381
2011,2011,0,0,1227
2012,2012,0,0,2455
2013,2013,0,0,4910
2014,2014,0,0,9820
2015,2015,0,0,19641
2016,2016,0,0,39282
2017,2017,0,0,13028
2018,2018,0,0,26057
2019,2019,0,0,52114
2020,2020,0,0,38692
2021,2021,0,0,11848
2022,2022,0,0,23697
2023,2023,0,0,47394
2024,2024,0,0,29252
2025,2025,0,0,58504
2026,2026,0,0,51473
2027,2027,0,0,37410
2028,2028,0,0,9284
2029,2029,0,0,18568
2030,2030,0,0,37136
2031,2031,0,0,8736
2032,2032,0,0,17472
2033,2033,0,0,34945
2034,2034,0,0,4355
2035,2035,0,0,8711
2036,2036,0,0,17422
2037,2037,0,0,34844
2038,2038,0,0,4152
2039,2039,0,0,8304
2040,2040,0,0,16608
2041,2041,0,0,33217
2042,2042,0,0,899
2043,2043,0,0,1798
2044,2044,0,0,3596
2045,2045,0,0,7193
2046,2046,0,0,14386
2047,2047,0,0,28773
2048,2048,0,0,57546
2049,2049,0,0,49557
2050,2050,0,0,33578
2051,2051,0,0,1620
2052,2052,0,0,3240
2053,2053,0,0,6481
2054,2054,0,0,12963
2055,2055,0,0,25927
2056,2056,0,0,51855
2057,2057,0,0,38175
2058,2058,0,0,10815
2059,2059,0,0,21631
2060,2060,0,0,43263
2061,2061,0,0,20990
2062,2062,0,0,41981
2063,2063,0,0,18426
2064,2064,0,0,36852
2065,2065,0,0,8169
2066,2066,0,0,16338
2067,2067,0,0,32677
2068,2068,0,0,65354
2069,2069,0,0,65172
2070,2070,0,0,64809
2071,2071,0,0,64082
2072,2072,0,0,62629
2073,2073,0,0,59723
2074,2074,0,0,53911
2075,2075,0,0,42287
2076,2076,0,0,19038
2077,2077,0,0,38076
2078,2078,0,0,10617
2079,2079,0,0,21235
2080,2080,0,0,42470
2081,2081,0,0,19405
2082,2082,0,0,38810
2083,2083,0,0,12085
2084,2084,0,0,24170
2085,2085,0,0,48341
2086,2086,0,0,31146
2087,2087,0,0,62293
2088,2088,0,0,59051
2089,2089,0,0,52567
2090,2090,0,0,39598
2091,2091,0,0,13661
2092,2092,0,0,27322
2093,2093,0,0,54644
2094,2094,0,0,43753
2095,2095,0,0,21970
2096,2096,0,0,43940
2097,2097,0,0,22345
2098,2098,0,0,44691
2099,2099,0,0,23847
2100,2100,0,0,47694
2101,2101,0,0,29853
2102,2102,0,0,59707
2103,2103,0,0,53879
2104,2104,0,0,42223
2105,2105,0,0,18910
2106,2106,0,0,37820
2107,2107,0,0,10105
2108,2108,0,0,20211
2109,2109,0,0,40423
2110,2110,0,0,15310
2111,2111,0,0,30620
2112,2112,0,0,61241
2113,2113,0,0,56947
2114,2114,0,0,48359
2115,2115,0,0,31182
2116,2116,0,0,62365
2117,2117,0,0,59194
2118,2118,0,0,52853
2119,2119,0,0,40170
2120,2120,0,0,14805
2121,2121,0,0,29611
2122,2122,0,0,59223
2123,2123,0,0,52910
2124,2124,0,0,40285
2125,2125,0,0,15035
2126,2126,0,0,30070
2127,2127,0,0,60140
2128,2128,0,0,54745
2129,2129,0,0,43954
2130,2130,0,0,22373
2131,2131,0,0,44746
2132,2132,0,0,23956
2133,2133,0,0,47912
2134,2134,0,0,30289
2135,2135,0,0,60578
2136,2136,0,0,55620
2137,2137,0,0,45705
2138,2138,0,0,25875
2139,2139,0,0,51751
2140,2140,0,0,37966
2141,2141,0,0,10397
2142,2142,0,0,20795
2143,2143,0,0,41591
2144,2144,0,0,17647
2145,2145,0,0,35294
2146,2146,0,0,5052
2147,2147,0,0,10104
2148,2148,0,0,20209
2149,2149,0,0,40419
2150,2150,0,0,15302
2151,2151,0,0,30605
2152,2152,0,0,61211
2153,2153,0,0,56887
2154,2154,0,0,48239
2155,2155,0,0,30943
2156,2156,0,0,61887
2157,2157,0,0,58238
2158,2158,0,0,50941
2159,2159,0,0,36347
2160,2160,0,0,7158
2161,2161,0,0,14317
2162,2162,0,0,28634
2163,2163,0,0,57268
2164,2164,0,0,49001
2165,2165,0,0,32467
2166,2166,0,0,64934
2167,2167,0,0,64333
2168,2168,0,0,63130
2169,2169,0,0,60724
2170,2170,0,0,55912
2171,2171,0,0,46288
2172,2172,0,0,27040
2173,2173,0,0,54081
2174,2174,0,0,42627
2175,2175,0,0,19719
2176,2176,0,0,39439
2177,2177,0,0,13343
2178,2178,0,0,26686
2179,2179,0,0,53372
2180,2180,0,0,41208
2181,2181,0,0,16880
2182,2182,0,0,33761
2183,2183,0,0,1987
2184,2184,0,0,3974
2185,2185,0,0,7948
2186,2186,0,0,15896
2187,2187,0,0,31792
2188,2188,0,0,63584
2189,2189,0,0,61633
2190,2190,0,0,57731
2191,2191,0,0,49926
2192,2192,0,0,34316
2193,2193,0,0,3096
2194,2194,0,0,6193
2195,2195,0,0,12387
2196,2196,0,0,24775
2197,2197,0,0,49551
2198,2198,0,0,33567
2199,2199,0,0,1598
2200,2200,0,0,3197
2201,2201,0,0,6395
2202,2202,0,0,12790
2203,2203,0,0,25581
2204,2204,0,0,51162
2205,2205,0,0,36789
2206,2206,0,0,8043
2207,2207,0,0,16086
2208,2208,0,0,32173
2209,2209,0,0,64347
2210,2210,0,0,63158
2211,2211,0,0,60781
2212,2212,0,0,56027
2213,2213,0,0,46518
2214,2214,0,0,27500
2215,2215,0,0,55000
2216,2216,0,0,44464
2217,2217,0,0,23393
2218,2218,0,0,46786
2219,2219,0,0,28036
2220,2220,0,0,56073
2221,2221,0,0,46610
2222,2222,0,0,27684
2223,2223,0,0,55369
2224,2224,0,0,45202
2225,2225,0,0,24868
2226,2226,0,0,49737
2227,2227,0,0,33939
2228,2228,0,0,2343
2229,2229,0,0,4686
2230,2230,0,0,9372
2231,2231,0,0,18745
2232,2232,0,0,37490
2233,2233,0,0,9444
2234,2234,0,0,18888
2235,2235,0,0,37776
2236,2236,0,0,10016
2237,2237,0,0,20032
2238,2238,0,0,40065
2239,2239,0,0,14594
2240,2240,0,0,29189
2241,2241,0,0,58378
2242,2242,0,0,51221
2243,2243,0,0,36906
2244,2244,0,0,8277
2245,2245,0,0,16554
2246,2246,0,0,33108
2247,2247,0,0,681
2248,2248,0,0,1363
2249,2249,0,0,2726
2250,2250,0,0,5452
2251,2251,0,0,10904
2252,2252,0,0,21809
2253,2253,0,0,43618
2254,2254,0,0,21701
2255,2255,0,0,43402
2256,2256,0,0,21268
2257,2257,0,0,42536
2258,2258,0,0,19536
2259,2259,0,0,39073
2260,2260,0,0,12610
2261,2261,0,0,25221
2262,2262,0,0,50443
2263,2263,0,0,35351
2264,2264,0,0,5167
2265,2265,0,0,10334
2266,2266,0,0,20669
2267,2267,0,0,41339
2268,2268,0,0,17142
2269,2269,0,0,34285
2270,2270,0,0,3034
2271,2271,0,0,6069
2272,2272,0,0,12139
2273,2273,0,0,24279
2274,2274,0,0,48558
2275,2275,0,0,31581
2276,2276,0,0,63163
2277,2277,0,0,60790
2278,2278,0,0,56044
2279,2279,0,0,46552
2280,2280,0,0,27569
2281,2281,0,0,55139
2282,2282,0,0,44743
2283,2283,0,0,23951
2284,2284,0,0,47903
2285,2285,0,0,30271
2286,2286,0,0,60543
2287,2287,0,0,55551
2288,2288,0,0,45566
2289,2289,0,0,25597
2290,2290,0,0,51194
2291,2291,0,0,36853
2292,2292,0,0,8171
2293,2293,0,0,16342
2294,2294,0,0,32685
2295,2295,0,0,65371
2296,2296,0,0,65206
2297,2297,0,0,64877
2298,2298,0,0,64218
2299,2299,0,0,62900
2300,2300,0,0,60265
2301,2301,0,0,54995
2302,2302,0,0,44455
2303,2303,0,0,23375
2304,2304,0,0,46751
2305,2305,0,0,27967
2306,2306,0,0,55934
2307,2307,0,0,46332
2308,2308,0,0,27129
2309,2309,0,0,54258
2310,2310,0,0,42981
2311,2311,0,0,20427
2312,2312,0,0,40854
2313,2313,0,0,16172
2314,2314,0,0,32344
2315,2315,0,0,64689
2316,2316,0,0,63843
2317,2317,0,0,62151
2318,2318,0,0,58767
2319,2319,0,0,51999
2320,2320,0,0,38463
2321,2321,0,0,11391
2322,2322,0,0,22783
2323,2323,0,0,45567
2324,2324,0,0,25599
2325,2325,0,0,51198
2326,2326,0,0,36861
2327,2327,0,0,8186
2328,2328,0,0,16372
2329,2329,0,0,32745
2330,2330,0,0,65491
2331,2331,0,0,65447
2332,2332,0,0,65359
2333,2333,0,0,65182
2334,2334,0,0,64828
2335,2335,0,0,64120
2336,2336,0,0,62704
2337,2337,0,0,59873
2338,2338,0,0,54210
2339,2339,0,0,42885
2340,2340,0,0,20235
2341,2341,0,0,40470
2342,2342,0,0,15404
2343,2343,0,0,30808
2344,2344,0,0,61617
2345,2345,0,0,57699
2346,2346,0,0,49862
2347,2347,0,0,34188
2348,2348,0,0,2840
2349,2349,0,0,5681
2350,2350,0,0,11363
2351,2351,0,0,22726
2352,2352,0,0,45452
2353,2353,0,0,25369
2354,2354,0,0,50738
2355,2355,0,0,35940
2356,2356,0,0,6345
2357,2357,0,0,12690
2358,2358,0,0,25381
2359,2359,0,0,50763
2360,2360,0,0,35991
2361,2361,0,0,6447
2362,2362,0,0,12894
2363,2363,0,0,25788
2364,2364,0,0,51576
2365,2365,0,0,37617
2366,2366,0,0,9698
2367,2367,0,0,19396
2368,2368,0,0,38793
2369,2369,0,0,12051
2370,2370,0,0,24102
2371,2371,0,0,48204
2372,2372,0,0,30873
2373,2373,0,0,61747
2374,2374,0,0,57959
2375,2375,0,0,50382
2376,2376,0,0,35229
2377,2377,0,0,4922
2378,2378,0,0,9844
2379,2379,0,0,19688
2380,2380,0,0,39376
2381,2381,0,0,13216
2382,2382,0,0,26433
2383,2383,0,0,52867
2384,2384,0,0,40198
2385,2385,0,0,14860
2386,2386,0,0,29720
2387,2387,0,0,59441
2388,2388,0,0,53346
2389,2389,0,0,41157
2390,2390,0,0,16779
2391,2391,0,0,33558
2392,2392,0,0,1581
2393,2393,0,0,3163
2394,2394,0,0,6327
2395,2395,0,0,12655
2396,2396,0,0,25310
2397,2397,0,0,50620
2398,2398,0,0,35705
2399,2399,0,0,5874
2400,2400,0,0,11749
2401,2401,0,0,23498
2402,2402,0,0,46997
2403,2403,0,0,28458
2404,2404,0,0,56916
2405,2405,0,0,48297
2406,2406,0,0,31059
2407,2407,0,0,62118
2408,2408,0,0,58701
2409,2409,0,0,51867
2410,2410,0,0,38199
2411,2411,0,0,10862
2412,2412,0,0,21725
2413,2413,0,0,43451
2414,2414,0,0,21366
2415,2415,0,0,42732
2416,2416,0,0,19928
2417,2417,0,0,39856
2418,2418,0,0,14176
2419,2419,0,0,28353
2420,2420,0,0,56707
2421,2421,0,0,47879
2422,2422,0,0,30222
2423,2423,0,0,60445
2424,2424,0,0,55355
2425,2425,0,0,45174
2426,2426,0,0,24812
2427,2427,0,0,49624
2428,2428,0,0,33713
2429,2429,0,0,1891
2430,2430,0,0,3782
2431,2431,0,0,7564
2432,2432,0,0,15128
2433,2433,0,0,30256
2434,2434,0,0,60512
2435,2435,0,0,55488
2436,2436,0,0,45441
2437,2437,0,0,25346
2438,2438,0,0,50693
2439,2439,0,0,35850
2440,2440,0,0,6164
2441,2441,0,0,12329
2442,2442,0,0,24658
2443,2443,0,0,49317
2444,2444,0,0,33098
2445,2445,0,0,660
2446,2446,0,0,1320
2447,2447,0,0,2641
2448,2448,0,0,5282
2449,2449,0,0,10565
2450,2450,0,0,21130
2451,2451,0,0,42261
2452,2452,0,0,18987
2453,2453,0,0,37974
2454,2454,0,0,10412
2455,2455,0,0,20825
2456,2456,0,0,41651
2457,2457,0,0,17767
2458,2458,0,0,35535
2459,2459,0,0,5534
2460,2460,0,0,11068
2461,2461,0,0,22137
2462,2462,0,0,44275
2463,2463,0,0,23015
2464,2464,0,0,46030
2465,2465,0,0,26525
2466,2466,0,0,53050
2467,2467,0,0,40565
2468,2468,0,0,15594
2469,2469,0,0,31188
2470,2470,0,0,62376
2471,2471,0,0,59216
2472,2472,0,0,52896
2473,2473,0,0,40256
2474,2474,0,0,14976
2475,2475,0,0,29953
2476,2476,0,0,59906
2477,2477,0,0,54276
2478,2478,0,0,43017
2479,2479,0,0,20498
2480,2480,0,0,40996
2481,2481,0,0,16457
2482,2482,0,0,32914
2483,2483,0,0,293
2484,2484,0,0,586
2485,2485,0,0,1173
2486,2486,0,0,2346
2487,2487,0,0,4693
2488,2488,0,0,9387
2489,2489,0,0,18775
2490,2490,0,0,37551
2491,2491,0,0,9567
2492,2492,0,0,19135
2493,2493,0,0,38270
2494,2494,0,0,11005
2495,2495,0,0,22011
2496,2496,0,0,44023
2497,2497,0,0,22511
2498,2498,0,0,45023
2499,2499,0,0,24510
2500,2500,0,0,49021
2501,2501,0,0,32507
2502,2502,0,0,65015
2503,2503,0,0,64495
2504,2504,0,0,63454
2505,2505,0,0,61372
2506,2506,0,0,57209
2507,2507,0,0,48882
2508,2508,0,0,32228
2509,2509,0,0,64456
2510,2510,0,0,63376
2511,2511,0,0,61217
2512,2512,0,0,56898
2513,2513,0,0,48261
2514,2514,0,0,30986
2515,2515,0,0,61973
2516,2516,0,0,58411
2517,2517,0,0,51287
2518,2518,0,0,37038
2519,2519,0,0,8541
2520,2520,0,0,17083
2521,2521,0,0,34166
2522,2522,0,0,2797
2523,2523,0,0,5595
2524,2524,0,0,11190
2525,2525,0,0,22380
2526,2526,0,0,44761
2527,2527,0,0,23986
2528,2528,0,0,47972
2529,2529,0,0,30408
2530,2530,0,0,60817
2531,2531,0,0,56098
2532,2532,0,0,46661
2533,2533,0,0,27786
2534,2534,0,0,55572
2535,2535,0,0,45609
2536,2536,0,0,25683
2537,2537,0,0,51367
2538,2538,0,0,37198
2539,2539,0,0,8861
2540,2540,0,0,17723
2541,2541,0,0,35446
2542,2542,0,0,5357
2543,2543,0,0,10714
2544,2544,0,0,21429
2545,2545,0,0,42858
2546,2546,0,0,20180
2547,2547,0,0,40361
2548,2548,0,0,15187
2549,2549,0,0,30375
2550,2550,0,0,60750
2551,2551,0,0,55965
2552,2552,0,0,46394
2553,2553,0,0,27253
2554,2554,0,0,54507
2555,2555,0,0,43478
2556,2556,0,0,21421
2557,2557,0,0,42843
2558,2558,0,0,20150
2559,2559,0,0,40301
2560,2560,0,0,15067
2561,2561,0,0,30134
2562,2562,0,0,60268
2563,2563,0,0,55001
2564,2564,0,0,44466
2565,2565,0,0,23397
2566,2566,0,0,46794
2567,2567,0,0,28053
2568,2568,0,0,56107
2569,2569,0,0,46678
2570,2570,0,0,27820
2571,2571,0,0,55640
2572,2572,0,0,45744
2573,2573,0,0,25952
2574,2574,0,0,51905
2575,2575,0,0,38274
2576,2576,0,0,11012
2577,2577,0,0,22024
2578,2578,0,0,44049
2579,2579,0,0,22563
2580,2580,0,0,45126
2581,2581,0,0,24716
2582,2582,0,0,49432
2583,2583,0,0,33329
2584,2584,0,0,1123
2585,2585,0,0,2246
2586,2586,0,0,4492
2587,2587,0,0,8984
2588,2588,0,0,17969
2589,2589,0,0,35939
2590,2590,0,0,6343
2591,2591,0,0,12687
2592,2592,0,0,25374
2593,2593,0,0,50748
2594,2594,0,0,35961
2595,2595,0,0,6386
2596,2596,0,0,12773
2597,2597,0,0,25547
2598,2598,0,0,51094
2599,2599,0,0,36652
2600,2600,0,0,7768
2601,2601,0,0,15536
2602,2602,0,0,31073
2603,2603,0,0,62146
2604,2604,0,0,58757
2605,2605,0,0,51978
2606,2606,0,0,38421
2607,2607,0,0,11306
2608,2608,0,0,22613
2609,2609,0,0,45226
2610,2610,0,0,24917
2611,2611,0,0,49835
2612,2612,0,0,34135
2613,2613,0,0,2735
2614,2614,0,0,5471
2615,2615,0,0,10942
2616,2616,0,0,21885
2617,2617,0,0,43771
2618,2618,0,0,22006
2619,2619,0,0,44012
2620,2620,0,0,22488
2621,2621,0,0,44977
2622,2622,0,0,24419
2623,2623,0,0,48838
2624,2624,0,0,32140
2625,2625,0,0,64281
2626,2626,0,0,63026
2627,2627,0,0,60517
2628,2628,0,0,55498
2629,2629,0,0,45460
2630,2630,0,0,25384
2631,2631,0,0,50768
2632,2632,0,0,36000
2633,2633,0,0,6465
2634,2634,0,0,12931
2635,2635,0,0,25863
2636,2636,0,0,51727
2637,2637,0,0,37919
2638,2638,0,0,10303
2639,2639,0,0,20607
2640,2640,0,0,41215
2641,2641,0,0,16894
2642,2642,0,0,33788
2643,2643,0,0,2040
2644,2644,0,0,4081
2645,2645,0,0,8162
2646,2646,0,0,16325
2647,2647,0,0,32651
2648,2648,0,0,65303
2649,2649,0,0,65071
2650,2650,0,0,64606
2651,2651,0,0,63676
2652,2652,0,0,61816
2653,2653,0,0,58096
2654,2654,0,0,50656
2655,2655,0,0,35776
2656,2656,0,0,6017
2657,2657,0,0,12035
2658,2658,0,0,24070
2659,2659,0,0,48140
2660,2660,0,0,30745
2661,2661,0,0,61491
2662,2662,0,0,57447
2663,2663,0,0,49358
2664,2664,0,0,33181
2665,2665,0,0,826
2666,2666,0,0,1653
2667,2667,0,0,3306
2668,2668,0,0,6613
2669,2669,0,0,13227
2670,2670,0,0,26454
2671,2671,0,0,52909
2672,2672,0,0,40283
2673,2673,0,0,15031
2674,2674,0,0,30063
2675,2675,0,0,60127
2676,2676,0,0,54719
2677,2677,0,0,43902
2678,2678,0,0,22268
2679,2679,0,0,44537
2680,2680,0,0,23538
2681,2681,0,0,47076
2682,2682,0,0,28616
2683,2683,0,0,57232
2684,2684,0,0,48929
2685,2685,0,0,32322
2686,2686,0,0,64644
2687,2687,0,0,63753
2688,2688,0,0,61970
2689,2689,0,0,58405
2690,2690,0,0,51274
2691,2691,0,0,37013
2692,2692,0,0,8490
2693,2693,0,0,16981
2694,2694,0,0,33963
2695,2695,0,0,2390
2696,2696,0,0,4780
2697,2697,0,0,9560
2698,2698,0,0,19121
2699,2699,0,0,38243
2700,2700,0,0,10950
2701,2701,0,0,21900
2702,2702,0,0,43801
2703,2703,0,0,22066
2704,2704,0,0,44132
2705,2705,0,0,22729
2706,2706,0,0,45459
2707,2707,0,0,25382
2708,2708,0,0,50765
2709,2709,0,0,35995
2710,2710,0,0,6454
2711,2711,0,0,12909
2712,2712,0,0,25818
2713,2713,0,0,51636
2714,2714,0,0,37736
2715,2715,0,0,9937
2716,2716,0,0,19874
2717,2717,0,0,39749
2718,2718,0,0,13962
2719,2719,0,0,27924
2720,2720,0,0,55849
2721,2721,0,0,46162
2722,2722,0,0,26788
2723,2723,0,0,53577
2724,2724,0,0,41618
2725,2725,0,0,17701
2726,2726,0,0,35403
2727,2727,0,0,5270
2728,2728,0,0,10541
2729,2729,0,0,21083
2730,2730,0,0,42167
2731,2731,0,0,18799
2732,2732,0,0,37598
2733,2733,0,0,9661
2734,2734,0,0,19323
2735,2735,0,0,38646
2736,2736,0,0,11756
2737,2737,0,0,23513
2738,2738,0,0,47027
2739,2739,0,0,28518
2740,2740,0,0,57037
2741,2741,0,0,48538
2742,2742,0,0,31541
2743,2743,0,0,63082
2744,2744,0,0,60628
2745,2745,0,0,55720
2746,2746,0,0,45904
2747,2747,0,0,26272
2748,2748,0,0,52545
2749,2749,0,0,39554
2750,2750,0,0,13572
2751,2751,0,0,27145
2752,2752,0,0,54290
2753,2753,0,0,43045
2754,2754,0,0,20555
2755,2755,0,0,41111
2756,2756,0,0,16687
2757,2757,0,0,33374
2758,2758,0,0,1212
2759,2759,0,0,2425
2760,2760,0,0,4851
2761,2761,0,0,9703
2762,2762,0,0,19406
2763,2763,0,0,38812
2764,2764,0,0,12089
2765,2765,0,0,24179
2766,2766,0,0,48358
2767,2767,0,0,31180
2768,2768,0,0,62361
2769,2769,0,0,59186
2770,2770,0,0,52836
2771,2771,0,0,40136
2772,2772,0,0,14737
2773,2773,0,0,29475
2774,2774,0,0,58950
2775,2775,0,0,52364
2776,2776,0,0,39193
2777,2777,0,0,12851
2778,2778,0,0,25703
2779,2779,0,0,51407
2780,2780,0,0,37279
2781,2781,0,0,9023
2782,2782,0,0,18047
2783,2783,0,0,36094
2784,2784,0,0,6652
2785,2785,0,0,13304
2786,2786,0,0,26608
2787,2787,0,0,53217
2788,2788,0,0,40898
2789,2789,0,0,16260
2790,2790,0,0,32521
2791,2791,0,0,65043
2792,2792,0,0,64551
2793,2793,0,0,63567
2794,2794,0,0,61598
2795,2795,0,0,57660
2796,2796,0,0,49785
2797,2797,0,0,34035
2798,2798,0,0,2535
2799,2799,0,0,5070
2800,2800,0,0,10140
2801,2801,0,0,20281
2802,2802,0,0,40562
2803,2803,0,0,15588
2804,2804,0,0,31177
2805,2805,0,0,62355
2806,2806,0,0,59175
2807,2807,0,0,52814
2808,2808,0,0,40093
2809,2809,0,0,14651
2810,2810,0,0,29302
2811,2811,0,0,58604
2812,2812,0,0,51673
2813,2813,0,0,37811
2814,2814,0,0,10086
2815,2815,0,0,20172
2816,2816,0,0,40344
2817,2817,0,0,15153
2818,2818,0,0,30307
2819,2819,0,0,60614
2820,2820,0,0,55692
2821,2821,0,0,45848
2822,2822,0,0,26161
2823,2823,0,0,52323
2824,2824,0,0,39110
2825,2825,0,0,12684
2826,2826,0,0,25368
2827,2827,0,0,50736
2828,2828,0,0,35936
2829,2829,0,0,6337
2830,2830,0,0,12675
2831,2831,0,0,25351
2832,2832,0,0,50703
2833,2833,0,0,35871
2834,2834,0,0,6206
2835,2835,0,0,12412
2836,2836,0,0,24824
2837,2837,0,0,49648
2838,2838,0,0,33760
2839,2839,0,0,1985
2840,2840,0,0,3970
2841,2841,0,0,7940
2842,2842,0,0,15881
2843,2843,0,0,31762
2844,2844,0,0,63524
2845,2845,0,0,61513
2846,2846,0,0,57490
2847,2847,0,0,49444
2848,2848,0,0,33352
2849,2849,0,0,1168
2850,2850,0,0,2336
2851,2851,0,0,4672
2852,2852,0,0,9345
2853,2853,0,0,18690
2854,2854,0,0,37381
2855,2855,0,0,9226
2856,2856,0,0,18453
2857,2857,0,0,36907
2858,2858,0,0,8279
2859,2859,0,0,16558
2860,2860,0,0,33116
2861,2861,0,0,696
2862,2862,0,0,1393
2863,2863,0,0,2786
2864,2864,0,0,5572
2865,2865,0,0,11145
2866,2866,0,0,22291
2867,2867,0,0,44582
2868,2868,0,0,23629
2869,2869,0,0,47259
2870,2870,0,0,28983
2871,2871,0,0,57966
2872,2872,0,0,50397
2873,2873,0,0,35259
2874,2874,0,0,4982
2875,2875,0,0,9965
2876,2876,0,0,19931
2877,2877,0,0,39862
2878,2878,0,0,14188
2879,2879,0,0,28376
2880,2880,0,0,56752
2881,2881,0,0,47969
2882,2882,0,0,30402
2883,2883,0,0,60804
2884,2884,0,0,56072
2885,2885,0,0,46608
2886,2886,0,0,27680
2887,2887,0,0,55361
2888,2888,0,0,45187
2889,2889,0,0,24838
2890,2890,0,0,49677
2891,2891,0,0,33819
2892,2892,0,0,2102
2893,2893,0,0,4204
2894,2894,0,0,8408
2895,2895,0,0,16817
2896,2896,0,0,33635
2897,2897,0,0,1735
2898,2898,0,0,3470
2899,2899,0,0,6941
2900,2900,0,0,13882
2901,2901,0,0,27764
2902,2902,0,0,55529
2903,2903,0,0,45522
2904,2904,0,0,25508
2905,2905,0,0,51017
2906,2906,0,0,36499
2907,2907,0,0,7463
2908,2908,0,0,14927
2909,2909,0,0,29854
2910,2910,0,0,59709
2911,2911,0,0,53883
2912,2912,0,0,42230
2913,2913,0,0,18925
2914,2914,0,0,37850
2915,2915,0,0,10165
2916,2916,0,0,20330
2917,2917,0,0,40660
2918,2918,0,0,15784
2919,2919,0,0,31568
2920,2920,0,0,63136
2921,2921,0,0,60737
2922,2922,0,0,55938
2923,2923,0,0,46341
2924,2924,0,0,27146
2925,2925,0,0,54292
2926,2926,0,0,43049
2927,2927,0,0,20562
2928,2928,0,0,41124
2929,2929,0,0,16713
2930,2930,0,0,33426
2931,2931,0,0,1317
2932,2932,0,0,2634
2933,2933,0,0,5269
2934,2934,0,0,10539
2935,2935,0,0,21079
2936,2936,0,0,42158
2937,2937,0,0,18780
2938,2938,0,0,37560
2939,2939,0,0,9585
2940,2940,0,0,19170
2941,2941,0,0,38341
2942,2942,0,0,11146
2943,2943,0,0,22293
2944,2944,0,0,44586
2945,2945,0,0,23636
2946,2946,0,0,47272
2947,2947,0,0,29009
2948,2948,0,0,58018
2949,2949,0,0,50500
2950,2950,0,0,35464
2951,2951,0,0,5392
2952,2952,0,0,10785
2953,2953,0,0,21570
2954,2954,0,0,43140
2955,2955,0,0,20745
2956,2956,0,0,41491
2957,2957,0,0,17447
2958,2958,0,0,34895
2959,2959,0,0,4254
2960,2960,0,0,8508
2961,2961,0,0,17017
2962,2962,0,0,34034
2963,2963,0,0,2533
2964,2964,0,0,5066
2965,2965,0,0,10132
2966,2966,0,0,20264
2967,2967,0,0,40528
2968,2968,0,0,15520
2969,2969,0,0,31041
2970,2970,0,0,62082
2971,2971,0,0,58629
2972,2972,0,0,51722
2973,2973,0,0,37909
2974,2974,0,0,10282
2975,2975,0,0,20565
2976,2976,0,0,41130
2977,2977,0,0,16724
2978,2978,0,0,33449
2979,2979,0,0,1362
2980,2980,0,0,2724
2981,2981,0,0,5448
2982,2982,0,0,10896
2983,2983,0,0,21792
2984,2984,0,0,43584
2985,2985,0,0,21633
2986,2986,0,0,43266
2987,2987,0,0,20997
2988,2988,0,0,41994
2989,2989,0,0,18452
2990,2990,0,0,36905
2991,2991,0,0,8275
2992,2992,0,0,16550
2993,2993,0,0,33101
2994,2994,0,0,666
2995,2995,0,0,1333
2996,2996,0,0,2666
2997,2997,0,0,5333
2998,2998,0,0,10667
2999,2999,0,0,21335
3000,3000,0,0,42670
3001,3001,0,0,19804
3002,3002,0,0,39608
3003,3003,0,0,13681
3004,3004,0,0,27363
3005,3005,0,0,54727
3006,3006,0,0,43919
3007,3007,0,0,22302
3008,3008,0,0,44605
3009,3009,0,0,23674
3010,3010,0,0,47349
3011,3011,0,0,29162
3012,3012,0,0,58325
3013,3013,0,0,51114
3014,3014,0,0,36693
3015,3015,0,0,7851
3016,3016,0,0,15702
3017,3017,0,0,31405
3018,3018,0,0,62811
3019,3019,0,0,60086
3020,3020,0,0,54636
3021,3021,0,0,43736
3022,3022,0,0,21936
3023,3023,0,0,43872
3024,3024,0,0,22209
3025,3025,0,0,44418
3026,3026,0,0,23301
3027,3027,0,0,46602
3028,3028,0,0,27669
3029,3029,0,0,55339
3030,3030,0,0,45142
3031,3031,0,0,24748
3032,3032,0,0,49496
3033,3033,0,0,33457
3034,3034,0,0,1379
3035,3035,0,0,2758
3036,3036,0,0,5516
3037,3037,0,0,11032
3038,3038,0,0,22065
3039,3039,0,0,44130
3040,3040,0,0,22725
3041,3041,0,0,45450
3042,3042,0,0,25365
3043,3043,0,0,50731
3044,3044,0,0,35927
3045,3045,0,0,6319
3046,3046,0,0,12638
3047,3047,0,0,25276
3048,3048,0,0,50552
3049,3049,0,0,35569
3050,3050,0,0,5603
3051,3051,0,0,11207
3052,3052,0,0,22414
3053,3053,0,0,44829
3054,3054,0,0,24122
3055,3055,0,0,48245
3056,3056,0,0,30954
3057,3057,0,0,61909
3058,3058,0,0,58283
3059,3059,0,0,51031
3060,3060,0,0,36526
3061,3061,0,0,7516
3062,3062,0,0,15032
3063,3063,0,0,30064
3064,3064,0,0,60128
3065,3065,0,0,54720
3066,3066,0,0,43905
3067,3067,0,0,22275
3068,3068,0,0,44550
3069,3069,0,0,23565
3070,3070,0,0,47131
3071,3071,0,0,28727
3072,3072,0,0,57454
3073,3073,0,0,49373
3074,3074,0,0,33211
3075,3075,0,0,886
3076,3076,0,0,1772
3077,3077,0,0,3545
3078,3078,0,0,7091
3079,3079,0,0,14183
3080,3080,0,0,28367
3081,3081,0,0,56734
3082,3082,0,0,47932
3083,3083,0,0,30329
3084,3084,0,0,60659
3085,3085,0,0,55782
3086,3086,0,0,46029
3087,3087,0,0,26523
3088,3088,0,0,53046
3089,3089,0,0,40556
3090,3090,0,0,15577
3091,3091,0,0,31154
3092,3092,0,0,62308
3093,3093,0,0,59081
3094,3094,0,0,52627
3095,3095,0,0,39718
3096,3096,0,0,13900
3097,3097,0,0,27800
3098,3098,0,0,55600
3099,3099,0,0,45665
3100,3100,0,0,25794
3101,3101,0,0,51589
3102,3102,0,0,37642
3103,3103,0,0,9749
3104,3104,0,0,19498
3105,3105,0,0,38996
3106,3106,0,0,12456
3107,3107,0,0,24912
3108,3108,0,0,49825
3109,3109,0,0,34114
3110,3110,0,0,2693
3111,3111,0,0,5386
3112,3112,0,0,10772
3113,3113,0,0,21544
3114,3114,0,0,43089
3115,3115,0,0,20643
3116,3116,0,0,41286
3117,3117,0,0,17037
3118,3118,0,0,34074
3119,3119,0,0,2612
3120,3120,0,0,5224
3121,3121,0,0,10448
3122,3122,0,0,20896
3123,3123,0,0,41792
3124,3124,0,0,18049
3125,3125,0,0,36099
3126,3126,0,0,6663
3127,3127,0,0,13327
3128,3128,0,0,26654
3129,3129,0,0,53308
3130,3130,0,0,41080
3131,3131,0,0,16624
3132,3132,0,0,33249
3133,3133,0,0,963
3134,3134,0,0,1926
3135,3135,0,0,3852
3136,3136,0,0,7705
3137,3137,0,0,15410
3138,3138,0,0,30821
3139,3139,0,0,61642
3140,3140,0,0,57748
3141,3141,0,0,49960
3142,3142,0,0,34385
3143,3143,0,0,3235
3144,3144,0,0,6470
3145,3145,0,0,12941
3146,3146,0,0,25882
3147,3147,0,0,51764
3148,3148,0,0,37992
3149,3149,0,0,10449
3150,3150,0,0,20898
3151,3151,0,0,41796
3152,3152,0,0,18057
3153,3153,0,0,36114
3154,3154,0,0,6693
3155,3155,0,0,13387
3156,3156,0,0,26774
3157,3157,0,0,53549
3158,3158,0,0,41562
3159,3159,0,0,17588
3160,3160,0,0,35177
3161,3161,0,0,4818
3162,3162,0,0,9637
3163,3163,0,0,19274
3164,3164,0,0,38548
3165,3165,0,0,11560
3166,3166,0,0,23121
3167,3167,0,0,46242
3168,3168,0,0,26948
3169,3169,0,0,53897
3170,3170,0,0,42258
3171,3171,0,0,18981
3172,3172,0,0,37963
3173,3173,0,0,10391
3174,3174,0,0,20782
3175,3175,0,0,41565
3176,3176,0,0,17594
3177,3177,0,0,35188
3178,3178,0,0,4841
3179,3179,0,0,9682
3180,3180,0,0,19364
3181,3181,0,0,38729
3182,3182,0,0,11923
3183,3183,0,0,23846
3184,3184,0,0,47692
3185,3185,0,0,29849
3186,3186,0,0,59699
3187,3187,0,0,53862
3188,3188,0,0,42189
3189,3189,0,0,18842
3190,3190,0,0,37684
3191,3191,0,0,9832
3192,3192,0,0,19665
3193,3193,0,0,39331
3194,3194,0,0,13126
3195,3195,0,0,26253
3196,3196,0,0,52506
3197,3197,0,0,39477
3198,3198,0,0,13418
3199,3199,0,0,26836
3200,3200,0,0,53673
3201,3201,0,0,41810
3202,3202,0,0,18085
3203,3203,0,0,36171
3204,3204,0,0,6806
3205,3205,0,0,13613
3206,3206,0,0,27226
3207,3207,0,0,54452
3208,3208,0,0,43369
3209,3209,0,0,21202
3210,3210,0,0,42404
3211,3211,0,0,19273
3212,3212,0,0,38546
3213,3213,0,0,11556
3214,3214,0,0,23112
3215,3215,0,0,46225
3216,3216,0,0,26914
3217,3217,0,0,53829
3218,3218,0,0,42123
3219,3219,0,0,18710
3220,3220,0,0,37421
3221,3221,0,0,9307
3222,3222,0,0,18615
3223,3223,0,0,37231
3224,3224,0,0,8927
3225,3225,0,0,17855
3226,3226,0,0,35710
3227,3227,0,0,5884
3228,3228,0,0,11768
3229,3229,0,0,23537
3230,3230,0,0,47074
3231,3231,0,0,28612
3232,3232,0,0,57225
3233,3233,0,0,48914
3234,3234,0,0,32292
3235,3235,0,0,64584
3236,3236,0,0,63632
3237,3237,0,0,61729
3238,3238,0,0,57923
3239,3239,0,0,50310
3240,3240,0,0,35084
3241,3241,0,0,4632
3242,3242,0,0,9264
3243,3243,0,0,18528
3244,3244,0,0,37057
3245,3245,0,0,8578
3246,3246,0,0,17156
3247,3247,0,0,34313
3248,3248,0,0,3090
3249,3249,0,0,6180
3250,3250,0,0,12361
3251,3251,0,0,24722
3252,3252,0,0,49445
3253,3253,0,0,33354
3254,3254,0,0,1172
3255,3255,0,0,2344
3256,3256,0,0,4689
3257,3257,0,0,9379
3258,3258,0,0,18758
3259,3259,0,0,37517
3260,3260,0,0,9499
3261,3261,0,0,18999
3262,3262,0,0,37999
3263,3263,0,0,10463
3264,3264,0,0,20927
3265,3265,0,0,41855
3266,3266,0,0,18174
3267,3267,0,0,36348
3268,3268,0,0,7160
3269,3269,0,0,14320
3270,3270,0,0,28641
3271,3271,0,0,57283
3272,3272,0,0,49031
3273,3273,0,0,32526
3274,3274,0,0,65053
3275,3275,0,0,64570
3276,3276,0,0,63604
3277,3277,0,0,61673
3278,3278,0,0,57810
3279,3279,0,0,50084
3280,3280,0,0,34632
3281,3281,0,0,3728
3282,3282,0,0,7456
3283,3283,0,0,14913
3284,3284,0,0,29827
3285,3285,0,0,59654
3286,3286,0,0,53772
3287,3287,0,0,42008
3288,3288,0,0,18480
3289,3289,0,0,36961
3290,3290,0,0,8386
3291,3291,0,0,16772
3292,3292,0,0,33545
3293,3293,0,0,1554
3294,3294,0,0,3108
3295,3295,0,0,6216
3296,3296,0,0,12432
3297,3297,0,0,24865
3298,3298,0,0,49731
3299,3299,0,0,33926
3300,3300,0,0,2317
3301,3301,0,0,4635
3302,3302,0,0,9270
3303,3303,0,0,18540
3304,3304,0,0,37080
3305,3305,0,0,8625
3306,3306,0,0,17250
3307,3307,0,0,34501
3308,3308,0,0,3467
3309,3309,0,0,6935
3310,3310,0,0,13871
3311,3311,0,0,27742
3312,3312,0,0,55484
3313,3313,0,0,45432
3314,3314,0,0,25329
3315,3315,0,0,50659
3316,3316,0,0,35782
3317,3317,0,0,6029
3318,3318,0,0,12058
3319,3319,0,0,24117
3320,3320,0,0,48234
3321,3321,0,0,30933
3322,3322,0,0,61866
3323,3323,0,0,58196
3324,3324,0,0,50856
3325,3325,0,0,36177
3326,3326,0,0,6819
3327,3327,0,0,13639
3328,3328,0,0,27279
3329,3329,0,0,54558
3330,3330,0,0,43580
3331,3331,0,0,21624
3332,3332,0,0,43249
3333,3333,0,0,20963
3334,3334,0,0,41926
3335,3335,0,0,18317
3336,3336,0,0,36634
3337,3337,0,0,7732
3338,3338,0,0,15465
3339,3339,0,0,30930
3340,3340,0,0,61860
3341,3341,0,0,58185
3342,3342,0,0,50835
3343,3343,0,0,36134
3344,3344,0,0,6733
3345,3345,0,0,13466
3346,3346,0,0,26932
3347,3347,0,0,53865
3348,3348,0,0,42194
3349,3349,0,0,18853
3350,3350,0,0,37707
3351,3351,0,0,9879
3352,3352,0,0,19758
3353,3353,0,0,39516
3354,3354,0,0,13497
3355,3355,0,0,26994
3356,3356,0,0,53989
3357,3357,0,0,42443
3358,3358,0,0,19350
3359,3359,0,0,38701
3360,3360,0,0,11867
3361,3361,0,0,23735
3362,3362,0,0,47470
3363,3363,0,0,29405
3364,3364,0,0,58811
3365,3365,0,0,52087
3366,3366,0,0,38638
3367,3367,0,0,11741
3368,3368,0,0,23483
3369,3369,0,0,46967
3370,3370,0,0,28398
3371,3371,0,0,56796
3372,3372,0,0,48056
3373,3373,0,0,30577
3374,3374,0,0,61154
3375,3375,0,0,56772
3376,3376,0,0,48009
3377,3377,0,0,30483
3378,3378,0,0,60966
3379,3379,0,0,56396
3380,3380,0,0,47256
3381,3381,0,0,28977
3382,3382,0,0,57954
3383,3383,0,0,50372
3384,3384,0,0,35208
3385,3385,0,0,4880
3386,3386,0,0,9761
3387,3387,0,0,19522
3388,3388,0,0,39045
3389,3389,0,0,12554
3390,3390,0,0,25108
3391,3391,0,0,50217
3392,3392,0,0,34899
3393,3393,0,0,4263
3394,3394,0,0,8527
3395,3395,0,0,17055
3396,3396,0,0,34110
3397,3397,0,0,2684
3398,3398,0,0,5369
3399,3399,0,0,10738
3400,3400,0,0,21476
3401,3401,0,0,42952
3402,3402,0,0,20368
3403,3403,0,0,40737
3404,3404,0,0,15938
3405,3405,0,0,31877
3406,3406,0,0,63754
3407,3407,0,0,61972
3408,3408,0,0,58409
3409,3409,0,0,51283
3410,3410,0,0,37030
3411,3411,0,0,8524
3412,3412,0,0,17049
3413,3413,0,0,34098
3414,3414,0,0,2661
3415,3415,0,0,5322
3416,3416,0,0,10644
3417,3417,0,0,21288
3418,3418,0,0,42577
3419,3419,0,0,19619
3420,3420,0,0,39239
3421,3421,0,0,12942
3422,3422,0,0,25884
3423,3423,0,0,51768
3424,3424,0,0,38001
3425,3425,0,0,10466
3426,3426,0,0,20932
3427,3427,0,0,41864
3428,3428,0,0,18192
3429,3429,0,0,36385
3430,3430,0,0,7235
3431,3431,0,0,14471
3432,3432,0,0,28943
3433,3433,0,0,57887
3434,3434,0,0,50239
3435,3435,0,0,34943
3436,3436,0,0,4350
3437,3437,0,0,8700
3438,3438,0,0,17401
3439,3439,0,0,34802
3440,3440,0,0,4069
3441,3441,0,0,8138
3442,3442,0,0,16276
3443,3443,0,0,32553
3444,3444,0,0,65107
3445,3445,0,0,64679
3446,3446,0,0,63823
3447,3447,0,0,62110
3448,3448,0,0,58684
3449,3449,0,0,51833
3450,3450,0,0,38131
3451,3451,0,0,10726
3452,3452,0,0,21452
3453,3453,0,0,42905
3454,3454,0,0,20274
3455,3455,0,0,40549
3456,3456,0,0,15562
3457,3457,0,0,31124
3458,3458,0,0,62248
3459,3459,0,0,58960
3460,3460,0,0,52384
3461,3461,0,0,39232
3462,3462,0,0,12928
3463,3463,0,0,25857
3464,3464,0,0,51715
3465,3465,0,0,37894
3466,3466,0,0,10252
3467,3467,0,0,20505
3468,3468,0,0,41011
3469,3469,0,0,16487
3470,3470,0,0,32975
3471,3471,0,0,414
3472,3472,0,0,829
3473,3473,0,0,1659
3474,3474,0,0,3319
3475,3475,0,0,6638
3476,3476,0,0,13276
3477,3477,0,0,26552
3478,3478,0,0,53104
3479,3479,0,0,40672
3480,3480,0,0,15808
3481,3481,0,0,31617
3482,3482,0,0,63234
3483,3483,0,0,60933
3484,3484,0,0,56330
3485,3485,0,0,47124
3486,3486,0,0,28712
3487,3487,0,0,57425
3488,3488,0,0,49314
3489,3489,0,0,33092
3490,3490,0,0,649
3491,3491,0,0,1299
3492,3492,0,0,2598
3493,3493,0,0,5196
3494,3494,0,0,10392
3495,3495,0,0,20785
3496,3496,0,0,41570
3497,3497,0,0,17605
3498,3498,0,0,35211
3499,3499,0,0,4886
3500,3500,0,0,9773
3501,3501,0,0,19547
3502,3502,0,0,39094
3503,3503,0,0,12652
3504,3504,0,0,25304
3505,3505,0,0,50608
3506,3506,0,0,35680
3507,3507,0,0,5825
3508,3508,0,0,11651
3509,3509,0,0,23302
3510,3510,0,0,46604
3511,3511,0,0,27673
3512,3512,0,0,55346
3513,3513,0,0,45157
3514,3514,0,0,24778
3515,3515,0,0,49556
3516,3516,0,0,33576
3517,3517,0,0,1616
3518,3518,0,0,3232
3519,3519,0,0,6464
3520,3520,0,0,12929
3521,3521,0,0,25859
3522,3522,0,0,51719
3523,3523,0,0,37902
3524,3524,0,0,10269
3525,3525,0,0,20539
3526,3526,0,0,41079
3527,3527,0,0,16623
3528,3528,0,0,33246
3529,3529,0,0,956
3530,3530,0,0,1913
3531,3531,0,0,3827
3532,3532,0,0,7654
3533,3533,0,0,15309
3534,3534,0,0,30618
3535,3535,0,0,61237
3536,3536,0,0,56938
3537,3537,0,0,48340
3538,3538,0,0,31144
3539,3539,0,0,62289
3540,3540,0,0,59043
3541,3541,0,0,52550
3542,3542,0,0,39564
3543,3543,0,0,13593
3544,3544,0,0,27186
3545,3545,0,0,54373
3546,3546,0,0,43211
3547,3547,0,0,20886
3548,3548,0,0,41772
3549,3549,0,0,18008
3550,3550,0,0,36016
3551,3551,0,0,6497
3552,3552,0,0,12995
3553,3553,0,0,25991
3554,3554,0,0,51983
3555,3555,0,0,38431
3556,3556,0,0,11327
3557,3557,0,0,22655
3558,3558,0,0,45311
3559,3559,0,0,25087
3560,3560,0,0,50174
3561,3561,0,0,34813
3562,3562,0,0,4090
3563,3563,0,0,8181
3564,3564,0,0,16363
3565,3565,0,0,32726
3566,3566,0,0,65452
3567,3567,0,0,65368
3568,3568,0,0,65200
3569,3569,0,0,64865
3570,3570,0,0,64195
3571,3571,0,0,62855
3572,3572,0,0,60175
3573,3573,0,0,54815
3574,3574,0,0,44094
3575,3575,0,0,22652
3576,3576,0,0,45305
3577,3577,0,0,25075
3578,3578,0,0,50151
3579,3579,0,0,34766
3580,3580,0,0,3996
3581,3581,0,0,7993
3582,3582,0,0,15986
3583,3583,0,0,31973
3584,3584,0,0,63946
3585,3585,0,0,62356
3586,3586,0,0,59177
3587,3587,0,0,52819
3588,3588,0,0,40102
3589,3589,0,0,14668
3590,3590,0,0,29336
3591,3591,0,0,58673
3592,3592,0,0,51810
3593,3593,0,0,38084
3594,3594,0,0,10632
3595,3595,0,0,21265
3596,3596,0,0,42530
3597,3597,0,0,19525
3598,3598,0,0,39051
3599,3599,0,0,12567
3600,3600,0,0,25135
3601,3601,0,0,50270
3602,3602,0,0,35005
3603,3603,0,0,4474
3604,3604,0,0,8948
3605,3605,0,0,17896
3606,3606,0,0,35792
3607,3607,0,0,6049
3608,3608,0,0,12099
3609,3609,0,0,24198
3610,3610,0,0,48396
3611,3611,0,0,31257
3612,3612,0,0,62515
3613,3613,0,0,59495
3614,3614,0,0,53454
3615,3615,0,0,41372
3616,3616,0,0,17208
3617,3617,0,0,34416
3618,3618,0,0,3297
3619,3619,0,0,6594
3620,3620,0,0,13189
3621,3621,0,0,26379
3622,3622,0,0,52758
3623,3623,0,0,39980
3624,3624,0,0,14425
3625,3625,0,0,28850
3626,3626,0,0,57700
3627,3627,0,0,49864
3628,3628,0,0,34193
3629,3629,0,0,2851
3630,3630,0,0,5702
3631,3631,0,0,11405
3632,3632,0,0,22811
3633,3633,0,0,45623
3634,3634,0,0,25710
3635,3635,0,0,51420
3636,3636,0,0,37305
3637,3637,0,0,9075
3638,3638,0,0,18150
3639,3639,0,0,36301
3640,3640,0,0,7066
3641,3641,0,0,14132
3642,3642,0,0,28265
3643,3643,0,0,56530
3644,3644,0,0,47525
3645,3645,0,0,29514
3646,3646,0,0,59029
3647,3647,0,0,52522
3648,3648,0,0,39509
3649,3649,0,0,13482
3650,3650,0,0,26964
3651,3651,0,0,53929
3652,3652,0,0,42322
3653,3653,0,0,19109
3654,3654,0,0,38219
3655,3655,0,0,10903
3656,3656,0,0,21806
3657,3657,0,0,43613
3658,3658,0,0,21690
3659,3659,0,0,43381
3660,3660,0,0,21227
3661,3661,0,0,42455
3662,3662,0,0,19375
3663,3663,0,0,38750
3664,3664,0,0,11965
3665,3665,0,0,23931
3666,3666,0,0,47863
3667,3667,0,0,30190
3668,3668,0,0,60381
3669,3669,0,0,55227
3670,3670,0,0,44918
3671,3671,0,0,24301
3672,3672,0,0,48603
3673,3673,0,0,31671
3674,3674,0,0,63342
3675,3675,0,0,61148
3676,3676,0,0,56761
3677,3677,0,0,47986
3678,3678,0,0,30436
3679,3679,0,0,60872
3680,3680,0,0,56209
3681,3681,0,0,46883
3682,3682,0,0,28230
3683,3683,0,0,56461
3684,3684,0,0,47386
3685,3685,0,0,29237
3686,3686,0,0,58474
3687,3687,0,0,51413
3688,3688,0,0,37290
3689,3689,0,0,9045
3690,3690,0,0,18090
3691,3691,0,0,36180
3692,3692,0,0,6825
3693,3693,0,0,13650
3694,3694,0,0,27301
3695,3695,0,0,54603
3696,3696,0,0,43670
3697,3697,0,0,21805
3698,3698,0,0,43611
3699,3699,0,0,21686
3700,3700,0,0,43372
3701,3701,0,0,21208
3702,3702,0,0,42417
3703,3703,0,0,19299
3704,3704,0,0,38599
3705,3705,0,0,11662
3706,3706,0,0,23325
3707,3707,0,0,46651
3708,3708,0,0,27767
3709,3709,0,0,55535
3710,3710,0,0,45534
3711,3711,0,0,25533
3712,3712,0,0,51066
3713,3713,0,0,36597
3714,3714,0,0,7659
3715,3715,0,0,15318
3716,3716,0,0,30637
3717,3717,0,0,61275
3718,3718,0,0,57015
3719,3719,0,0,48495
3720,3720,0,0,31455
3721,3721,0,0,62911
3722,3722,0,0,60286
3723,3723,0,0,55037
3724,3724,0,0,44538
3725,3725,0,0,23540
3726,3726,0,0,47080
3727,3727,0,0,28625
3728,3728,0,0,57251
3729,3729,0,0,48967
3730,3730,0,0,32398
3731,3731,0,0,64797
3732,3732,0,0,64058
3733,3733,0,0,62580
3734,3734,0,0,59625
3735,3735,0,0,53715
3736,3736,0,0,41895
3737,3737,0,0,18255
3738,3738,0,0,36510
3739,3739,0,0,7484
3740,3740,0,0,14968
3741,3741,0,0,29936
3742,3742,0,0,59872
3743,3743,0,0,54208
3744,3744,0,0,42881
3745,3745,0,0,20227
3746,3746,0,0,40455
3747,3747,0,0,15374
3748,3748,0,0,30748
3749,3749,0,0,61497
3750,3750,0,0,57458
3751,3751,0,0,49380
3752,3752,0,0,33224
3753,3753,0,0,912
3754,3754,0,0,1824
3755,3755,0,0,3648
3756,3756,0,0,7296
3757,3757,0,0,14593
3758,3758,0,0,29187
3759,3759,0,0,58374
3760,3760,0,0,51212
3761,3761,0,0,36889
3762,3762,0,0,8243
3763,3763,0,0,16486
3764,3764,0,0,32973
3765,3765,0,0,410
3766,3766,0,0,821
3767,3767,0,0,1642
3768,3768,0,0,3285
3769,3769,0,0,6570
3770,3770,0,0,13140
3771,3771,0,0,26281
3772,3772,0,0,52562
3773,3773,0,0,39588
3774,3774,0,0,13640
3775,3775,0,0,27280
3776,3776,0,0,54561
3777,3777,0,0,43587
3778,3778,0,0,21639
3779,3779,0,0,43278
3780,3780,0,0,21020
3781,3781,0,0,42041
3782,3782,0,0,18546
3783,3783,0,0,37093
3784,3784,0,0,8650
3785,3785,0,0,17301
3786,3786,0,0,34603
3787,3787,0,0,3670
3788,3788,0,0,7340
3789,3789,0,0,14680
3790,3790,0,0,29360
3791,3791,0,0,58720
3792,3792,0,0,51904
3793,3793,0,0,38272
3794,3794,0,0,11008
3795,3795,0,0,22016
3796,3796,0,0,44032
3797,3797,0,0,22529
3798,3798,0,0,45058
3799,3799,0,0,24580
3800,3800,0,0,49161
3801,3801,0,0,32787
3802,3802,0,0,39
3803,3803,0,0,78
3804,3804,0,0,157
3805,3805,0,0,315
3806,3806,0,0,631
3807,3807,0,0,1262
3808,3808,0,0,2525
3809,3809,0,0,5051
3810,3810,0,0,10102
3811,3811,0,0,20204
3812,3812,0,0,40408
3813,3813,0,0,15281
3814,3814,0,0,30563
3815,3815,0,0,61126
3816,3816,0,0,56716
3817,3817,0,0,47896
3818,3818,0,0,30257
3819,3819,0,0,60514
3820,3820,0,0,55492
3821,3821,0,0,45449
3822,3822,0,0,25363
3823,3823,0,0,50727
3824,3824,0,0,35918
3825,3825,0,0,6300
3826,3826,0,0,12600
3827,3827,0,0,25200
3828,3828,0,0,50401
3829,3829,0,0,35266
3830,3830,0,0,4997
3831,3831,0,0,9995
3832,3832,0,0,19991
3833,3833,0,0,39983
3834,3834,0,0,14431
3835,3835,0,0,28862
3836,3836,0,0,57725
3837,3837,0,0,49915
3838,3838,0,0,34295
3839,3839,0,0,3055
3840,3840,0,0,6111
3841,3841,0,0,12222
3842,3842,0,0,24445
3843,3843,0,0,48891
3844,3844,0,0,32247
3845,3845,0,0,64494
3846,3846,0,0,63452
3847,3847,0,0,61368
3848,3848,0,0,57201
3849,3849,0,0,48867
3850,3850,0,0,32198
3851,3851,0,0,64396
3852,3852,0,0,63256
3853,3853,0,0,60976
3854,3854,0,0,56416
3855,3855,0,0,47297
3856,3856,0,0,29058
3857,3857,0,0,58116
3858,3858,0,0,50696
3859,3859,0,0,35857
3860,3860,0,0,6179
3861,3861,0,0,12359
3862,3862,0,0,24719
3863,3863,0,0,49438
3864,3864,0,0,33341
3865,3865,0,0,1146
3866,3866,0,0,2293
3867,3867,0,0,4586
3868,3868,0,0,9172
3869,3869,0,0,18344
3870,3870,0,0,36688
3871,3871,0,0,7841
3872,3872,0,0,15683
3873,3873,0,0,31367
3874,3874,0,0,62734
3875,3875,0,0,59932
3876,3876,0,0,54329
3877,3877,0,0,43122
3878,3878,0,0,20709
3879,3879,0,0,41418
3880,3880,0,0,17300
3881,3881,0,0,34601
3882,3882,0,0,3666
3883,3883,0,0,7332
3884,3884,0,0,14665
3885,3885,0,0,29330
3886,3886,0,0,58660
3887,3887,0,0,51784
3888,3888,0,0,38033
3889,3889,0,0,10530
3890,3890,0,0,21060
3891,3891,0,0,42120
3892,3892,0,0,18704
3893,3893,0,0,37409
3894,3894,0,0,9282
3895,3895,0,0,18564
3896,3896,0,0,37129
3897,3897,0,0,8723
3898,3898,0,0,17446
3899,3899,0,0,34893
3900,3900,0,0,4250
3901,3901,0,0,8500
3902,3902,0,0,17000
3903,3903,0,0,34000
3904,3904,0,0,2465
3905,3905,0,0,4930
3906,3906,0,0,9861
3907,3907,0,0,19722
3908,3908,0,0,39444
3909,3909,0,0,13352
3910,3910,0,0,26704
3911,3911,0,0,53409
3912,3912,0,0,41283
3913,3913,0,0,17031
3914,3914,0,0,34063
3915,3915,0,0,2590
3916,3916,0,0,5181
3917,3917,0,0,10362
3918,3918,0,0,20725
3919,3919,0,0,41450
3920,3920,0,0,17364
3921,3921,0,0,34729
3922,3922,0,0,3922
3923,3923,0,0,7844
3924,3924,0,0,15689
3925,3925,0,0,31378
3926,3926,0,0,62756
3927,3927,0,0,59977
3928,3928,0,0,54419
3929,3929,0,0,43303
3930,3930,0,0,21071
3931,3931,0,0,42143
3932,3932,0,0,18750
3933,3933,0,0,37500
3934,3934,0,0,9465
3935,3935,0,0,18931
3936,3936,0,0,37863
3937,3937,0,0,10190
3938,3938,0,0,20381
3939,3939,0,0,40762
3940,3940,0,0,15989
3941,3941,0,0,31979
3942,3942,0,0,63959
3943,3943,0,0,62383
3944,3944,0,0,59230
3945,3945,0,0,52925
3946,3946,0,0,40315
3947,3947,0,0,15095
3948,3948,0,0,30191
3949,3949,0,0,60383
3950,3950,0,0,55231
3951,3951,0,0,44926
3952,3952,0,0,24316
3953,3953,0,0,48633
3954,3954,0,0,31731
3955,3955,0,0,63462
3956,3956,0,0,61389
3957,3957,0,0,57243
3958,3958,0,0,48950
3959,3959,0,0,32364
3960,3960,0,0,64729
3961,3961,0,0,63922
3962,3962,0,0,62309
3963,3963,0,0,59083
3964,3964,0,0,52631
3965,3965,0,0,39726
3966,3966,0,0,13917
3967,3967,0,0,27834
3968,3968,0,0,55668
3969,3969,0,0,45801
3970,3970,0,0,26067
3971,3971,0,0,52135
3972,3972,0,0,38734
3973,3973,0,0,11933
3974,3974,0,0,23867
3975,3975,0,0,47735
3976,3976,0,0,29934
3977,3977,0,0,59869
3978,3978,0,0,54203
3979,3979,0,0,42870
3980,3980,0,0,20205
3981,3981,0,0,40410
3982,3982,0,0,15285
3983,3983,0,0,30571
3984,3984,0,0,61143
3985,3985,0,0,56750
3986,3986,0,0,47964
3987,3987,0,0,30393
3988,3988,0,0,60787
3989,3989,0,0,56038
3990,3990,0,0,46541
3991,3991,0,0,27547
3992,3992,0,0,55094
3993,3993,0,0,44653
3994,3994,0,0,23770
3995,3995,0,0,47541
3996,3996,0,0,29546
3997,3997,0,0,59093
3998,3998,0,0,52650
3999,3999,0,0,39765
4000,4000,0,0,13994
4001,4001,0,0,27988
4002,4002,0,0,55977
4003,4003,0,0,46418
4004,4004,0,0,27300
4005,4005,0,0,54601
4006,4006,0,0,43666
4007,4007,0,0,21797
4008,4008,0,0,43594
4009,4009,0,0,21652
4010,4010,0,0,43304
4011,4011,0,0,21072
4012,4012,0,0,42144
4013,4013,0,0,18753
4014,4014,0,0,37507
4015,4015,0,0,9478
4016,4016,0,0,18956
4017,4017,0,0,37912
4018,4018,0,0,10289
4019,4019,0,0,20578
4020,4020,0,0,41156
4021,4021,0,0,16777
4022,4022,0,0,33554
4023,4023,0,0,1573
4024,4024,0,0,3146
4025,4025,0,0,6293
4026,4026,0,0,12587
4027,4027,0,0,25174
4028,4028,0,0,50349
4029,4029,0,0,35163
4030,4030,0,0,4790
4031,4031,0,0,9581
4032,4032,0,0,19163
4033,4033,0,0,38326
4034,4034,0,0,11116
4035,4035,0,0,22233
4036,4036,0,0,44467
4037,4037,0,0,23399
4038,4038,0,0,46798
4039,4039,0,0,28061
4040,4040,0,0,56122
4041,4041,0,0,46708
4042,4042,0,0,27880
4043,4043,0,0,55760
4044,4044,0,0,45985
4045,4045,0,0,26434
4046,4046,0,0,52869
4047,4047,0,0,40202
4048,4048,0,0,14869
4049,4049,0,0,29739
4050,4050,0,0,59479
4051,4051,0,0,53422
4052,4052,0,0,41308
4053,4053,0,0,17080
4054,4054,0,0,34160
4055,4055,0,0,2785
4056,4056,0,0,5570
4057,4057,0,0,11141
4058,4058,0,0,22282
4059,4059,0,0,44565
4060,4060,0,0,23595
4061,4061,0,0,47191
4062,4062,0,0,28846
4063,4063,0,0,57693
4064,4064,0,0,49851
4065,4065,0,0,34167
4066,4066,0,0,2799
4067,4067,0,0,5599
4068,4068,0,0,11198
4069,4069,0,0,22397
4070,4070,0,0,44795
4071,4071,0,0,24054
4072,4072,0,0,48108
4073,4073,0,0,30681
4074,4074,0,0,61363
4075,4075,0,0,57190
4076,4076,0,0,48845
4077,4077,0,0,32155
4078,4078,0,0,64311
4079,4079,0,0,63087
4080,4080,0,0,60638
4081,4081,0,0,55741
4082,4082,0,0,45946
4083,4083,0,0,26357
4084,4084,0,0,52715
4085,4085,0,0,39895
4086,4086,0,0,14254
4087,4087,0,0,28508
4088,4088,0,0,57016
4089,4089,0,0,48496
4090,4090,0,0,31456
4091,4091,0,0,62912
4092,4092,0,0,60289
4093,4093,0,0,55042
4094,4094,0,0,44549
4095,4095,1,1,23563
